Income ,cigtax,edu_fa,edu_mo,birthorder,male,white,cig_p,bwghtlbs,lfaminc,,,,
13.5,16.5,12,12,1,1,1,0,6.8125,2.60269,,,,
7.5,16.5,6,12,2,1,0,0,8.3125,2.014903,,,,
0.5,16.5,0,12,2,0,0,0,8.0625,-0.6931472,,,,
15.5,16.5,12,12,2,1,0,0,7.875,2.74084,,,,
27.5,16.5,14,12,2,1,1,0,8.375,3.314186,,,,
7.5,16.5,12,14,6,1,0,0,7.375,2.014903,,,,
65,16.5,16,14,2,0,1,0,8.75,4.174387,,,,
27.5,16.5,12,14,2,0,0,0,5.375,3.314186,,,,
27.5,16.5,12,17,2,0,1,0,7.5625,3.314186,,,,
37.5,16.5,16,18,2,0,1,0,8.0625,3.624341,,,,
27.5,16.5,12,16,2,1,0,0,6.3125,3.314186,,,,
27.5,16.5,16,15,1,1,1,0,8.3125,3.314186,,,,
6.5,16.5,0,12,3,1,0,0,3.8125,1.871802,,,,
10.5,16.5,12,12,1,1,1,0,6.5,2.351375,,,,
12.5,16.5,7,12,1,1,0,0,5.75,2.525729,,,,
17.5,16.5,13,13,1,1,1,0,7.625,2.862201,,,,
42.5,16.5,18,16,1,1,1,0,9.9375,3.749504,,,,
4.5,16.5,0,11,1,0,0,0,9.625,1.504077,,,,
32.5,16.5,16,16,1,1,0,0,7.5,3.48124,,,,
6.5,16.5,0,11,2,0,0,0,8.625,1.871802,,,,
47.5,16.5,16,17,1,0,1,0,7.9375,3.86073,,,,
22.5,16.5,12,12,2,1,1,0,6.6875,3.113515,,,,
15.5,16.5,8,11,2,1,1,6,8.0625,2.74084,,,,
13.5,16.5,12,12,1,0,0,0,8.0625,2.60269,,,,
37.5,16.5,11,11,1,0,1,0,9.75,3.624341,,,,
2.5,16.5,11,12,2,1,0,0,7.75,0.9162908,,,,
2.5,16.5,0,12,2,1,0,0,4.9375,0.9162908,,,,
32.5,16.5,12,12,2,1,1,0,7,3.48124,,,,
22.5,16.5,12,12,1,1,1,0,7.75,3.113515,,,,
0.5,15,0,12,2,1,0,0,8.375,-0.6931472,,,,
65,15,12,12,1,0,1,0,7.125,4.174387,,,,
65,15,16,13,1,1,1,0,7.75,4.174387,,,,
65,15,16,16,2,1,1,0,7.625,4.174387,,,,
27.5,15,11,10,2,0,0,0,6.5,3.314186,,,,
7.5,15,5,8,3,0,1,0,6.5625,2.014903,,,,
47.5,15,16,16,2,1,1,0,7.0625,3.86073,,,,
65,15,12,12,2,1,1,0,8.1875,4.174387,,,,
65,15,16,14,1,0,1,0,6.6875,4.174387,,,,
32.5,15,12,9,1,1,1,0,7.1875,3.48124,,,,
13.5,15,10,13,3,0,0,0,6.0625,2.60269,,,,
65,15,12,12,1,1,1,0,6.625,4.174387,,,,
47.5,15,15,12,1,1,1,0,8.25,3.86073,,,,
37.5,15,18,16,1,1,1,0,6.75,3.624341,,,,
32.5,15,16,14,1,1,0,0,7.125,3.48124,,,,
18.5,15,14,12,1,1,1,0,8.375,2.917771,,,,
65,15,18,16,1,0,0,0,8.375,4.174387,,,,
65,15,18,16,1,1,1,0,8.8125,4.174387,,,,
11.5,15,12,12,1,1,1,0,5.25,2.442347,,,,
32.5,15,13,13,3,1,0,0,5.5,3.48124,,,,
65,15,16,18,1,1,1,0,8.125,4.174387,,,,
17.5,15,12,12,2,1,0,0,8.25,2.862201,,,,
16.5,15,13,13,1,1,1,0,8.3125,2.80336,,,,
22.5,15,12,12,2,0,1,0,6.75,3.113515,,,,
42.5,15,16,14,2,0,1,0,5.75,3.749504,,,,
32.5,15,12,14,2,1,1,0,7.9375,3.48124,,,,
11.5,15,11,9,1,1,1,0,8.1875,2.442347,,,,
65,15,16,15,1,0,1,0,6.5,4.174387,,,,
27.5,15,12,12,1,0,1,0,7.625,3.314186,,,,
27.5,15,12,12,2,1,1,0,6.0625,3.314186,,,,
17.5,15,14,16,1,0,0,0,7.625,2.862201,,,,
65,15,16,13,3,1,1,0,7.375,4.174387,,,,
3.5,15,11,12,2,1,0,0,8.75,1.252763,,,,
0.5,15,12,12,2,0,0,0,8.1875,-0.6931472,,,,
0.5,15,0,12,2,0,0,10,6.5,-0.6931472,,,,
3.5,15,0,11,3,0,1,0,7.125,1.252763,,,,
65,15,12,13,1,0,1,0,8.8125,4.174387,,,,
22.5,15,11,12,2,0,1,0,6.6875,3.113515,,,,
22.5,21,12,10,1,1,1,0,9.5,3.113515,,,,
7.5,21,12,10,2,1,0,20,7.4375,2.014903,,,,
27.5,21,12,12,1,0,1,0,8.4375,3.314186,,,,
18.5,21,12,10,1,0,1,0,8.625,2.917771,,,,
37.5,21,16,16,1,1,1,0,6.75,3.624341,,,,
22.5,21,7,12,1,0,1,0,6.0625,3.113515,,,,
27.5,21,13,12,3,1,1,0,8.1875,3.314186,,,,
18.5,21,3,12,1,0,0,40,7.1875,2.917771,,,,
22.5,21,16,14,3,1,0,0,7.6875,3.113515,,,,
0.5,21,0,10,5,0,0,0,7.1875,-0.6931472,,,,
32.5,21,18,16,1,0,1,0,8.25,3.48124,,,,
27.5,21,14,13,1,1,0,0,8.3125,3.314186,,,,
32.5,21,13,12,1,0,1,0,7.8125,3.48124,,,,
15.5,21,12,12,1,1,1,0,7.3125,2.74084,,,,
16.5,21,16,13,1,1,1,0,7.25,2.80336,,,,
19.5,21,18,18,2,1,1,0,9.5,2.970414,,,,
15.5,21,10,10,1,0,0,0,6.3125,2.74084,,,,
14.5,21,17,12,1,1,1,0,6.6875,2.674149,,,,
32.5,21,16,14,4,0,1,0,8.5,3.48124,,,,
14.5,21,7,9,2,0,1,0,7.5,2.674149,,,,
8.5,21,17,18,1,1,1,0,7.9375,2.140066,,,,
8.5,21,0,8,3,1,1,0,7.6875,2.140066,,,,
7.5,21,14,12,3,1,1,0,8.4375,2.014903,,,,
32.5,21,14,15,1,1,0,0,5.375,3.48124,,,,
65,21,16,16,1,1,1,0,6.0625,4.174387,,,,
7.5,21,14,12,1,1,0,10,5.8125,2.014903,,,,
27.5,21,18,12,1,0,0,0,6,3.314186,,,,
13.5,21,8,8,2,0,1,10,6.8125,2.60269,,,,
27.5,21,12,11,1,1,0,0,7.3125,3.314186,,,,
18.5,21,9,12,1,0,1,0,7.1875,2.917771,,,,
22.5,10,11,12,1,1,1,20,7.5625,3.113515,,,,
65,10,18,17,2,0,1,0,7.125,4.174387,,,,
22.5,10,12,6,1,0,1,0,7.375,3.113515,,,,
42.5,10,16,16,1,0,1,0,8.375,3.749504,,,,
37.5,10,18,15,1,1,1,0,9.75,3.624341,,,,
11.5,10,12,12,2,0,1,3,8.6875,2.442347,,,,
65,10,18,18,2,1,1,0,8.5,4.174387,,,,
7.5,10,8,11,1,1,0,0,7.1875,2.014903,,,,
22.5,10,12,12,1,1,0,0,1.4375,3.113515,,,,
65,10,13,12,1,0,1,0,8.4375,4.174387,,,,
27.5,10,12,13,1,1,0,10,6.625,3.314186,,,,
7.5,10,0,10,2,1,0,0,7.25,2.014903,,,,
65,10,13,16,1,1,1,0,9.1875,4.174387,,,,
8.5,10,0,10,3,0,1,0,7.1875,2.140066,,,,
12.5,10,12,12,3,0,1,0,5.3125,2.525729,,,,
37.5,10,12,17,1,1,1,0,6.375,3.624341,,,,
14.5,10,11,12,1,0,1,0,7.625,2.674149,,,,
65,10,17,16,1,1,0,0,6.8125,4.174387,,,,
37.5,10,11,11,2,0,1,20,6.0625,3.624341,,,,
27.5,10,13,17,2,0,1,0,8.5,3.314186,,,,
65,10,18,12,1,0,1,0,8.1875,4.174387,,,,
32.5,10,14,12,1,1,1,0,7.25,3.48124,,,,
6.5,10,0,12,1,1,1,0,5.375,1.871802,,,,
65,10,13,16,2,1,1,0,9.6875,4.174387,,,,
6.5,10,0,10,1,1,1,40,7.625,1.871802,,,,
65,10,18,16,1,0,1,0,6.5625,4.174387,,,,
65,10,16,16,1,1,1,0,8.1875,4.174387,,,,
7.5,10,0,11,3,0,0,0,7.875,2.014903,,,,
17.5,10,8,10,1,1,1,0,7.9375,2.862201,,,,
27.5,10,18,18,1,1,1,0,7.8125,3.314186,,,,
37.5,10,17,16,1,1,0,0,6.125,3.624341,,,,
22.5,10,12,13,4,0,0,0,9,3.113515,,,,
22.5,10,12,13,1,0,0,0,5.6875,3.113515,,,,
65,10,13,16,1,0,1,0,6.625,4.174387,,,,
42.5,10,12,12,2,1,1,0,8,3.749504,,,,
2.5,10,11,12,1,1,1,0,9,0.9162908,,,,
10.5,10,0,10,4,0,0,0,5.6875,2.351375,,,,
42.5,10,16,12,2,1,1,0,7.625,3.749504,,,,
14.5,10,10,12,1,0,1,0,8.6875,2.674149,,,,
42.5,10,10,12,1,0,1,0,7.875,3.749504,,,,
32.5,10,18,18,1,1,1,0,6.6875,3.48124,,,,
3.5,10,0,12,3,1,1,0,4.9375,1.252763,,,,
42.5,10,15,12,1,1,1,0,6.375,3.749504,,,,
15.5,10,12,16,1,1,1,0,7.875,2.74084,,,,
32.5,10,12,12,1,0,0,0,7.5,3.48124,,,,
19.5,10,12,12,1,1,0,0,6.3125,2.970414,,,,
42.5,10,12,12,5,1,1,0,8.1875,3.749504,,,,
65,10,12,14,2,0,1,0,8,4.174387,,,,
13.5,10,13,12,1,1,0,0,8.875,2.60269,,,,
27.5,10,12,12,1,1,1,0,9,3.314186,,,,
42.5,10,16,15,3,0,1,0,3.625,3.749504,,,,
5.5,10,0,12,1,1,0,0,5.5,1.704748,,,,
5.5,10,0,12,1,0,0,0,7.6875,1.704748,,,,
65,10,16,13,2,0,1,0,9.125,4.174387,,,,
22.5,10,9,13,1,1,0,0,8.4375,3.113515,,,,
18.5,10,12,12,1,0,1,0,7.8125,2.917771,,,,
27.5,10,0,12,1,0,0,0,7.8125,3.314186,,,,
65,10,18,16,1,1,0,0,6.1875,4.174387,,,,
32.5,10,12,12,1,1,1,4,7.5,3.48124,,,,
22.5,10,5,7,2,0,0,0,7.125,3.113515,,,,
37.5,10,12,12,1,0,1,0,5.5,3.624341,,,,
65,10,18,15,1,1,1,0,6.625,4.174387,,,,
1.5,10,0,13,2,0,0,0,7.6875,0.4054651,,,,
27.5,10,11,13,2,1,1,0,8.4375,3.314186,,,,
47.5,10,16,12,2,1,1,0,7.25,3.86073,,,,
32.5,10,14,13,3,1,1,0,8,3.48124,,,,
65,10,16,15,1,0,0,0,6.9375,4.174387,,,,
8.5,10,0,14,1,0,1,0,7.6875,2.140066,,,,
65,10,15,17,3,1,1,0,7.1875,4.174387,,,,
27.5,10,12,12,2,1,1,0,10.4375,3.314186,,,,
37.5,10,0,12,2,0,0,0,5.125,3.624341,,,,
37.5,10,18,16,2,1,1,0,7.5625,3.624341,,,,
22.5,10,11,6,1,1,1,0,7.125,3.113515,,,,
37.5,10,13,15,1,1,1,0,7.25,3.624341,,,,
8.5,10,0,12,2,1,1,5,8.8125,2.140066,,,,
42.5,10,13,12,2,1,1,0,8.8125,3.749504,,,,
65,10,16,16,2,0,1,0,7.5,4.174387,,,,
12.5,10,12,13,1,0,1,0,6.875,2.525729,,,,
27.5,10,13,14,1,0,1,0,7.5,3.314186,,,,
27.5,10,14,18,2,1,1,0,7.8125,3.314186,,,,
65,10,15,11,2,0,0,0,5.125,4.174387,,,,
22.5,10,12,12,1,0,1,0,8.8125,3.113515,,,,
18.5,10,7,8,2,1,1,0,9,2.917771,,,,
13.5,10,12,12,2,0,1,0,6.375,2.60269,,,,
18.5,10,12,10,1,1,1,0,7.5625,2.917771,,,,
27.5,10,14,12,1,0,0,0,5,3.314186,,,,
22.5,10,12,12,2,0,1,0,6.625,3.113515,,,,
65,10,15,12,1,0,1,0,7.25,4.174387,,,,
32.5,10,12,12,1,0,1,10,7.25,3.48124,,,,
22.5,10,13,13,2,1,1,0,7.6875,3.113515,,,,
37.5,10,12,15,1,0,1,0,8.25,3.624341,,,,
47.5,10,11,10,2,1,1,20,7.375,3.86073,,,,
65,10,18,17,2,1,1,0,8.1875,4.174387,,,,
32.5,10,18,14,1,1,0,0,9.5,3.48124,,,,
10.5,10,4,12,3,1,1,0,7.5,2.351375,,,,
22.5,10,12,12,1,0,1,0,9.0625,3.113515,,,,
37.5,10,14,16,1,1,0,0,7.75,3.624341,,,,
65,10,18,9,1,1,1,0,8.875,4.174387,,,,
65,10,16,18,2,0,1,0,7.3125,4.174387,,,,
10.5,10,12,7,1,0,1,0,6.25,2.351375,,,,
32.5,10,16,13,1,1,1,0,7.5,3.48124,,,,
32.5,10,16,13,1,1,1,0,9.0625,3.48124,,,,
65,10,18,16,1,1,1,0,7.6875,4.174387,,,,
47.5,10,17,14,2,1,1,0,10.375,3.86073,,,,
32.5,10,13,14,2,0,1,8,6.4375,3.48124,,,,
6.5,10,0,10,2,1,1,0,8.3125,1.871802,,,,
12.5,10,5,7,2,0,0,0,7,2.525729,,,,
47.5,10,14,11,1,1,1,0,7.4375,3.86073,,,,
19.5,10,12,12,1,1,1,0,7.6875,2.970414,,,,
7.5,10,7,0,1,0,1,0,6.6875,2.014903,,,,
8.5,10,8,9,3,1,1,0,9.0625,2.140066,,,,
19.5,10,0,14,1,0,1,0,8.3125,2.970414,,,,
65,10,16,13,4,1,1,0,9.125,4.174387,,,,
32.5,10,12,14,1,0,1,0,8.375,3.48124,,,,
65,10,14,14,1,1,1,0,8.75,4.174387,,,,
19.5,10,10,12,3,0,0,0,5.9375,2.970414,,,,
17.5,10,13,13,2,0,0,0,7.875,2.862201,,,,
27.5,10,12,15,1,0,1,0,8.375,3.314186,,,,
12.5,10,6,7,1,1,1,0,4,2.525729,,,,
27.5,10,0,15,1,0,1,4,7.4375,3.314186,,,,
32.5,10,13,16,2,1,1,0,8.75,3.48124,,,,
22.5,10,6,6,3,0,1,0,7.5,3.113515,,,,
18.5,10,13,14,2,0,1,0,6.4375,2.917771,,,,
32.5,10,12,12,2,1,1,20,4.25,3.48124,,,,
42.5,10,14,12,1,0,0,0,6.0625,3.749504,,,,
37.5,10,12,12,2,0,1,0,7.5,3.624341,,,,
32.5,10,15,14,1,0,1,0,7.5625,3.48124,,,,
9.5,10,0,8,2,1,1,0,8.125,2.251292,,,,
15.5,10,12,12,1,0,1,10,7.1875,2.74084,,,,
65,10,16,18,2,1,0,0,7,4.174387,,,,
65,10,12,12,1,1,1,0,7.5,4.174387,,,,
22.5,10,13,13,3,0,1,12,6.4375,3.113515,,,,
32.5,10,12,12,1,0,1,0,6.25,3.48124,,,,
65,10,13,16,1,0,1,0,7.3125,4.174387,,,,
65,10,18,18,1,0,1,0,7.875,4.174387,,,,
5.5,10,0,13,2,1,1,0,8.875,1.704748,,,,
22.5,10,12,13,1,1,0,0,7.5,3.113515,,,,
13.5,10,3,4,5,1,0,0,6.9375,2.60269,,,,
65,10,12,12,2,1,1,0,9.5,4.174387,,,,
65,10,18,17,1,0,1,0,7.75,4.174387,,,,
27.5,10,13,12,2,1,1,0,9.125,3.314186,,,,
27.5,10,15,16,1,1,1,0,6.375,3.314186,,,,
27.5,10,12,6,2,1,1,0,8.0625,3.314186,,,,
10.5,10,12,12,3,1,1,0,7.8125,2.351375,,,,
9.5,10,16,14,3,0,0,0,7.875,2.251292,,,,
0.5,10,0,3,1,0,1,0,6.3125,-0.6931472,,,,
32.5,10,16,12,2,1,1,0,7.0625,3.48124,,,,
19.5,10,12,12,3,0,0,0,8.5,2.970414,,,,
42.5,10,5,9,4,0,1,0,6.3125,3.749504,,,,
65,10,18,18,1,1,1,0,6.625,4.174387,,,,
65,10,16,18,2,0,1,0,6.25,4.174387,,,,
42.5,10,15,14,1,0,1,0,8.125,3.749504,,,,
37.5,10,17,12,3,0,0,0,8.5,3.624341,,,,
6.5,10,0,10,2,1,0,0,6.25,1.871802,,,,
65,10,16,16,1,0,1,0,7.625,4.174387,,,,
1.5,10,0,11,1,0,0,0,5.625,0.4054651,,,,
65,20,13,12,1,0,1,0,5.875,4.174387,,,,
32.5,20,9,13,1,1,1,0,6.75,3.48124,,,,
65,20,18,18,2,1,1,0,6.6875,4.174387,,,,
17.5,20,13,12,4,1,1,20,7.4375,2.862201,,,,
18.5,20,12,12,1,0,1,0,6.625,2.917771,,,,
13.5,20,12,12,2,1,1,0,7.0625,2.60269,,,,
10.5,20,12,12,1,1,1,0,8.25,2.351375,,,,
18.5,20,13,9,3,0,0,0,6.1875,2.917771,,,,
13.5,20,11,11,3,0,1,10,6.875,2.60269,,,,
32.5,20,13,18,1,0,1,10,4.75,3.48124,,,,
15.5,20,13,12,1,1,1,0,7.6875,2.74084,,,,
10.5,20,12,12,1,1,1,0,7.6875,2.351375,,,,
32.5,20,15,12,1,1,1,0,8.0625,3.48124,,,,
13.5,20,0,11,3,1,0,0,5.9375,2.60269,,,,
16.5,20,0,13,2,1,1,0,7.375,2.80336,,,,
6.5,20,12,12,3,0,0,20,7.1875,1.871802,,,,
8.5,20,0,11,1,1,1,0,8.3125,2.140066,,,,
22.5,20,12,13,1,1,1,0,8.6875,3.113515,,,,
27.5,20,16,18,2,1,1,0,7.75,3.314186,,,,
12.5,26,0,10,1,1,1,20,3.75,2.525729,,,,
19.5,26,14,12,1,0,1,0,5.4375,2.970414,,,,
65,26,18,16,1,1,1,0,8.125,4.174387,,,,
65,26,13,16,1,1,1,0,6.875,4.174387,,,,
15.5,26,15,12,1,0,0,0,4.5625,2.74084,,,,
37.5,26,14,11,1,1,1,0,7.875,3.624341,,,,
47.5,26,12,13,1,1,1,0,7.8125,3.86073,,,,
47.5,26,10,13,2,0,1,0,10.375,3.86073,,,,
37.5,26,13,13,1,0,1,0,7.625,3.624341,,,,
32.5,26,12,12,2,1,0,4,7.5,3.48124,,,,
65,26,17,16,2,0,1,0,8.9375,4.174387,,,,
27.5,26,14,12,2,1,1,0,7.625,3.314186,,,,
65,26,18,16,2,1,1,0,6.625,4.174387,,,,
65,26,18,18,2,0,1,0,7.875,4.174387,,,,
32.5,26,16,14,1,0,1,0,9.75,3.48124,,,,
22.5,26,0,8,1,1,1,0,8.0625,3.113515,,,,
17.5,26,8,6,3,0,0,0,7.5,2.862201,,,,
32.5,14,12,12,1,1,1,1,7.0625,3.48124,,,,
65,14,17,15,2,0,1,0,5.0625,4.174387,,,,
37.5,14,16,14,1,0,1,0,5.1875,3.624341,,,,
37.5,17,0,12,1,0,0,0,8.0625,3.624341,,,,
14.5,17,12,12,2,1,0,0,8.3125,2.674149,,,,
18.5,24,16,16,2,0,1,20,7,2.917771,,,,
65,24,14,13,1,1,1,0,7.4375,4.174387,,,,
47.5,24,16,12,1,0,1,0,8.6875,3.86073,,,,
27.5,24,12,14,1,0,1,0,6.9375,3.314186,,,,
27.5,24,13,12,4,0,1,40,5.0625,3.314186,,,,
27.5,24,16,12,2,0,1,0,7.9375,3.314186,,,,
22.5,24,10,11,1,0,1,0,7.4375,3.113515,,,,
32.5,24,15,12,3,0,0,0,6.6875,3.48124,,,,
3.5,24,0,10,2,0,0,20,6.125,1.252763,,,,
18.5,24,14,13,1,0,1,10,7.0625,2.917771,,,,
19.5,24,16,16,1,1,0,0,6.5,2.970414,,,,
32.5,24,11,12,2,0,1,0,6.75,3.48124,,,,
22.5,24,12,12,1,1,1,0,9,3.113515,,,,
65,24,16,14,3,1,1,0,6.875,4.174387,,,,
65,24,16,13,1,0,1,0,8.625,4.174387,,,,
14.5,24,12,10,1,0,0,0,6.6875,2.674149,,,,
65,24,13,13,1,0,1,0,8,4.174387,,,,
14.5,24,14,12,1,1,1,10,9,2.674149,,,,
37.5,24,16,16,2,1,0,0,8.5,3.624341,,,,
13.5,24,0,14,1,1,1,0,6.875,2.60269,,,,
4.5,24,0,10,1,1,1,20,6.5625,1.504077,,,,
22.5,24,12,12,3,0,1,0,7.75,3.113515,,,,
37.5,24,17,16,1,1,1,0,7.3125,3.624341,,,,
65,24,12,12,1,1,1,0,9.0625,4.174387,,,,
11.5,24,0,12,5,1,0,0,6,2.442347,,,,
22.5,24,12,14,1,0,1,0,8.75,3.113515,,,,
65,24,14,16,1,1,1,0,6.3125,4.174387,,,,
37.5,24,16,12,3,1,1,0,9.25,3.624341,,,,
10.5,24,12,14,3,1,0,0,8.4375,2.351375,,,,
37.5,24,16,14,1,0,1,0,7.5,3.624341,,,,
22.5,24,12,12,2,0,1,0,8.125,3.113515,,,,
15.5,24,12,12,1,1,0,0,8.375,2.74084,,,,
65,24,16,15,1,1,1,0,8,4.174387,,,,
0.5,24,11,10,1,1,1,15,6.9375,-0.6931472,,,,
32.5,12,10,12,3,0,0,0,8,3.48124,,,,
10.5,12,10,12,1,1,1,0,8.375,2.351375,,,,
22.5,12,12,12,2,1,1,0,8.8125,3.113515,,,,
47.5,12,14,12,1,0,1,0,7.1875,3.86073,,,,
27.5,12,12,12,2,1,1,0,6.125,3.314186,,,,
65,12,17,16,1,0,1,0,7.375,4.174387,,,,
47.5,12,16,18,1,0,0,0,8.125,3.86073,,,,
4.5,12,0,12,2,1,0,0,8.5,1.504077,,,,
8.5,12,0,12,1,1,0,0,8.0625,2.140066,,,,
47.5,12,12,17,1,1,1,0,5.8125,3.86073,,,,
12.5,12,11,11,1,1,1,20,5.6875,2.525729,,,,
65,12,12,14,2,0,1,0,6.875,4.174387,,,,
9.5,12,0,10,1,0,1,0,7,2.251292,,,,
37.5,12,14,12,3,1,1,20,7,3.624341,,,,
27.5,12,12,12,2,0,1,12,6.125,3.314186,,,,
65,12,14,14,2,0,1,0,9.1875,4.174387,,,,
7.5,12,11,9,4,0,0,8,5.75,2.014903,,,,
65,33,14,12,1,0,0,0,6.125,4.174387,,,,
47.5,33,12,13,2,0,0,0,6.125,3.86073,,,,
65,18,16,16,1,0,1,0,8.5625,4.174387,,,,
42.5,18,15,16,1,1,1,0,7.0625,3.749504,,,,
27.5,18,11,12,1,1,1,0,8.5625,3.314186,,,,
37.5,18,12,12,2,0,1,15,4.4375,3.624341,,,,
47.5,18,16,16,1,0,1,0,8.0625,3.86073,,,,
2.5,18,0,9,3,0,0,10,9.3125,0.9162908,,,,
7.5,18,0,12,1,0,1,0,7.75,2.014903,,,,
6.5,18,0,12,1,0,1,0,8.625,1.871802,,,,
37.5,18,13,12,1,1,1,0,8,3.624341,,,,
32.5,18,12,12,1,0,1,10,7.625,3.48124,,,,
47.5,20,4,5,2,0,1,0,7.375,3.86073,,,,
42.5,20,12,12,2,0,1,0,8,3.749504,,,,
9.5,20,0,8,3,0,0,20,8.875,2.251292,,,,
47.5,20,18,17,1,1,1,0,7.9375,3.86073,,,,
65,20,18,18,2,1,1,0,7,4.174387,,,,
22.5,20,14,14,1,1,0,0,7.0625,3.113515,,,,
42.5,20,14,14,1,0,1,0,7,3.749504,,,,
37.5,20,14,14,2,0,1,0,5.125,3.624341,,,,
19.5,20,12,12,1,0,1,0,8.8125,2.970414,,,,
42.5,20,16,15,3,1,1,0,6.6875,3.749504,,,,
14.5,20,12,12,1,0,1,0,7.3125,2.674149,,,,
37.5,20,16,16,1,1,1,0,7.9375,3.624341,,,,
7.5,20,18,13,1,1,0,0,8.3125,2.014903,,,,
37.5,20,18,18,1,1,0,0,7.375,3.624341,,,,
32.5,20,14,12,1,0,1,0,9,3.48124,,,,
9.5,20,11,11,1,0,1,0,6.8125,2.251292,,,,
65,20,14,13,3,1,1,0,4.9375,4.174387,,,,
32.5,20,16,13,1,1,1,0,7.75,3.48124,,,,
5.5,20,12,9,1,0,1,10,8.125,1.704748,,,,
42.5,20,14,14,1,0,1,0,16.9375,3.749504,,,,
22.5,20,12,13,2,1,0,0,10,3.113515,,,,
42.5,20,14,17,1,1,1,0,7.9375,3.749504,,,,
7.5,20,11,11,1,1,0,0,6.75,2.014903,,,,
13.5,20,0,16,1,0,0,0,5.625,2.60269,,,,
27.5,20,11,12,2,1,1,0,8.75,3.314186,,,,
42.5,20,17,13,1,0,1,0,7.875,3.749504,,,,
32.5,20,12,12,2,1,1,0,6.875,3.48124,,,,
32.5,20,17,12,1,1,1,0,7.9375,3.48124,,,,
5.5,20,0,12,2,1,0,0,6.3125,1.704748,,,,
47.5,20,18,16,3,0,1,0,5.75,3.86073,,,,
47.5,20,8,13,1,1,1,0,7.5625,3.86073,,,,
42.5,20,18,16,1,1,1,0,6.375,3.749504,,,,
37.5,20,8,10,1,1,1,0,7.8125,3.624341,,,,
32.5,20,14,15,1,1,1,0,8.8125,3.48124,,,,
65,20,11,12,1,0,1,0,7.5625,4.174387,,,,
47.5,20,16,16,1,1,1,0,7.9375,3.86073,,,,
42.5,20,13,14,1,1,1,0,7.4375,3.749504,,,,
27.5,20,12,12,1,0,1,0,6.625,3.314186,,,,
17.5,20,12,12,1,0,0,0,6.5625,2.862201,,,,
18.5,20,6,11,1,0,0,0,6.5,2.917771,,,,
42.5,20,17,15,1,1,1,0,8.1875,3.749504,,,,
37.5,20,10,12,1,1,1,0,6,3.624341,,,,
42.5,20,16,14,1,0,1,0,8.8125,3.749504,,,,
32.5,20,9,11,1,0,1,0,5.8125,3.48124,,,,
2.5,20,0,12,1,0,0,0,7.125,0.9162908,,,,
18.5,20,12,12,1,1,1,0,7,2.917771,,,,
4.5,20,10,12,2,1,1,0,8.625,1.504077,,,,
22.5,20,14,14,2,1,1,0,8.5,3.113515,,,,
4.5,20,0,12,3,0,1,20,7.0625,1.504077,,,,
27.5,20,16,12,1,1,1,0,6.5625,3.314186,,,,
19.5,20,12,12,2,1,1,0,7.5,2.970414,,,,
27.5,15.5,16,16,1,0,1,0,2.1875,3.314186,,,,
19.5,15.5,12,12,3,0,1,0,9.3125,2.970414,,,,
18.5,15.5,15,13,1,1,1,0,7.625,2.917771,,,,
22.5,15.5,13,15,1,1,1,0,9.125,3.113515,,,,
22.5,15.5,12,12,1,1,1,0,10.0625,3.113515,,,,
1.5,15.5,0,12,3,1,1,20,8.875,0.4054651,,,,
4.5,15.5,12,12,2,1,1,0,7.4375,1.504077,,,,
3.5,15.5,0,12,2,0,0,4,5.1875,1.252763,,,,
3.5,15.5,0,14,1,1,0,0,8.5,1.252763,,,,
42.5,15.5,12,13,1,0,1,0,7.25,3.749504,,,,
37.5,15.5,12,12,1,0,1,0,5.8125,3.624341,,,,
22.5,15.5,12,12,1,0,1,0,6.875,3.113515,,,,
37.5,15.5,16,17,2,0,1,0,7.75,3.624341,,,,
15.5,15.5,9,12,2,1,0,0,7.6875,2.74084,,,,
27.5,15.5,12,12,2,0,1,0,8.0625,3.314186,,,,
32.5,15.5,12,12,1,0,1,0,6.625,3.48124,,,,
22.5,15.5,12,12,1,1,1,0,8.125,3.113515,,,,
27.5,15.5,12,12,1,1,1,0,6.9375,3.314186,,,,
27.5,15.5,12,12,3,1,1,0,7.1875,3.314186,,,,
4.5,15.5,0,12,1,1,0,0,6.875,1.504077,,,,
27.5,15.5,18,16,2,0,1,0,7.3125,3.314186,,,,
22.5,34,12,14,1,0,1,0,7.0625,3.113515,,,,
27.5,34,14,13,1,1,1,0,7.125,3.314186,,,,
19.5,34,14,13,1,1,1,0,9.125,2.970414,,,,
4.5,34,0,12,2,1,1,20,6.125,1.504077,,,,
11.5,34,10,10,3,1,1,10,8.9375,2.442347,,,,
27.5,34,18,17,1,1,1,0,7.25,3.314186,,,,
37.5,34,13,14,1,1,1,30,7.25,3.624341,,,,
6.5,34,16,13,2,0,1,0,4.6875,1.871802,,,,
32.5,34,13,13,1,0,1,0,8.6875,3.48124,,,,
18.5,34,14,14,1,1,1,0,7.5,2.917771,,,,
32.5,34,15,16,1,0,1,0,9.125,3.48124,,,,
42.5,34,12,12,1,0,1,0,9.0625,3.749504,,,,
22.5,34,12,13,3,1,1,0,8.5,3.113515,,,,
16.5,34,12,12,1,0,1,0,7.5,2.80336,,,,
42.5,24,16,16,1,1,1,0,6.625,3.749504,,,,
37.5,24,16,16,1,0,1,15,6.8125,3.624341,,,,
13.5,24,11,12,5,0,1,0,6.0625,2.60269,,,,
22.5,24,12,12,1,0,0,0,1.875,3.113515,,,,
22.5,24,12,10,3,1,1,0,7.625,3.113515,,,,
37.5,24,16,12,1,1,1,0,8.125,3.624341,,,,
27.5,24,12,14,1,0,1,0,7.1875,3.314186,,,,
16.5,24,13,12,1,1,1,0,7.25,2.80336,,,,
47.5,24,12,12,1,0,1,0,8.375,3.86073,,,,
22.5,24,12,10,1,0,1,0,7.9375,3.113515,,,,
22.5,24,13,12,1,0,1,0,6.3125,3.113515,,,,
47.5,24,12,12,3,0,1,0,9.0625,3.86073,,,,
22.5,24,11,14,1,0,0,0,8,3.113515,,,,
14.5,24,14,17,2,1,1,0,8.125,2.674149,,,,
16.5,24,0,14,2,1,1,0,8.625,2.80336,,,,
14.5,24,14,16,3,1,1,0,8.3125,2.674149,,,,
18.5,3,12,13,1,0,1,0,6.625,2.917771,,,,
3.5,3,10,8,2,1,1,0,8.4375,1.252763,,,,
27.5,3,12,11,3,0,1,15,6.5,3.314186,,,,
22.5,3,12,12,3,1,0,0,6.6875,3.113515,,,,
17.5,3,11,12,3,0,1,0,6.125,2.862201,,,,
18.5,3,12,10,2,0,1,0,7.6875,2.917771,,,,
0.5,3,17,16,2,0,0,0,6,-0.6931472,,,,
17.5,3,16,14,1,0,1,0,7.4375,2.862201,,,,
18.5,3,12,12,3,1,1,0,8.375,2.917771,,,,
0.5,3,0,12,1,0,1,0,5.1875,-0.6931472,,,,
37.5,3,16,13,1,1,1,0,10.0625,3.624341,,,,
7.5,3,9,14,2,1,1,5,6.8125,2.014903,,,,
18.5,3,12,12,1,1,1,0,7.0625,2.917771,,,,
4.5,3,10,12,1,0,1,0,6.125,1.504077,,,,
27.5,3,10,16,1,1,1,0,8.625,3.314186,,,,
6.5,3,12,12,1,1,1,0,7.5,1.871802,,,,
27.5,3,12,13,1,0,1,0,7,3.314186,,,,
11.5,3,8,12,1,1,0,0,6.5,2.442347,,,,
42.5,16,14,12,1,1,1,0,6.4375,3.749504,,,,
22.5,16,14,13,1,0,1,0,9.75,3.113515,,,,
19.5,16,10,12,1,0,1,0,7.4375,2.970414,,,,
65,16,14,12,1,0,1,0,8.375,4.174387,,,,
37.5,16,0,12,2,1,1,0,9.3125,3.624341,,,,
42.5,16,16,12,2,0,1,0,6.625,3.749504,,,,
42.5,16,12,12,3,0,0,0,7,3.749504,,,,
37.5,16,12,12,2,0,1,0,8.6875,3.624341,,,,
47.5,16,18,16,1,1,1,0,8.5625,3.86073,,,,
14.5,16,12,14,2,0,0,20,5.625,2.674149,,,,
32.5,16,16,14,2,0,1,0,8.5625,3.48124,,,,
15.5,16,10,12,2,1,1,20,8.75,2.74084,,,,
32.5,16,14,12,2,1,1,0,7.875,3.48124,,,,
18.5,16,12,12,1,1,0,0,7,2.917771,,,,
2.5,16,0,9,3,1,0,0,3.75,0.9162908,,,,
5.5,16,0,12,1,1,0,0,6.8125,1.704748,,,,
47.5,16,18,12,4,0,1,0,8.0625,3.86073,,,,
3.5,16,0,11,4,1,0,5,6.5,1.252763,,,,
42.5,16,12,12,2,0,1,0,4.4375,3.749504,,,,
6.5,16,6,10,2,0,0,0,5.375,1.871802,,,,
32.5,16,12,12,2,0,1,0,7.75,3.48124,,,,
47.5,16,17,16,2,0,1,0,7,3.86073,,,,
3.5,16,8,10,3,1,1,0,4.9375,1.252763,,,,
27.5,16,14,16,1,0,1,0,5.9375,3.314186,,,,
22.5,16,12,12,1,0,1,0,6.25,3.113515,,,,
27.5,16,8,17,1,1,0,0,6.25,3.314186,,,,
18.5,16,14,12,1,1,1,0,6.5625,2.917771,,,,
12.5,16,0,12,2,1,0,20,6.6875,2.525729,,,,
0.5,16,0,11,1,1,0,0,8.8125,-0.6931472,,,,
1.5,16,0,14,1,1,0,0,8.875,0.4054651,,,,
37.5,16,14,12,2,0,1,5,6.1875,3.624341,,,,
18.5,16,12,14,1,1,0,5,7,2.917771,,,,
22.5,16,12,12,2,0,0,0,6.6875,3.113515,,,,
47.5,16,13,15,1,1,1,0,9.1875,3.86073,,,,
65,16,14,16,1,0,1,0,5.875,4.174387,,,,
65,16,12,16,1,0,1,0,9.25,4.174387,,,,
11.5,16,8,10,1,1,1,30,5.6875,2.442347,,,,
32.5,16,12,16,3,1,1,0,8.1875,3.48124,,,,
22.5,16,8,6,1,0,1,0,6.375,3.113515,,,,
32.5,28,16,12,2,0,1,0,10.0625,3.48124,,,,
65,28,15,13,2,1,1,0,7.5,4.174387,,,,
27.5,28,12,14,1,1,1,0,6.5625,3.314186,,,,
18.5,28,12,12,1,1,1,0,7,2.917771,,,,
37.5,13,16,16,2,1,1,0,8.125,3.624341,,,,
32.5,13,12,12,1,1,1,0,8.5,3.48124,,,,
19.5,13,12,12,1,0,1,0,6.875,2.970414,,,,
22.5,13,13,13,1,1,1,0,7.75,3.113515,,,,
27.5,13,12,10,3,1,0,0,7.75,3.314186,,,,
22.5,13,13,12,2,0,1,0,8.375,3.113515,,,,
47.5,13,12,12,1,1,1,0,8.5,3.86073,,,,
22.5,13,12,14,1,1,0,0,7.5,3.113515,,,,
18.5,13,0,12,3,1,0,0,6.75,2.917771,,,,
17.5,13,12,12,1,0,1,0,7.625,2.862201,,,,
18.5,13,0,15,1,0,1,0,8.5625,2.917771,,,,
65,13,12,13,1,0,1,10,7.4375,4.174387,,,,
32.5,13,13,18,3,1,1,0,9,3.48124,,,,
47.5,13,18,18,3,0,1,0,8,3.86073,,,,
13.5,13,12,10,1,0,1,0,6.5,2.60269,,,,
32.5,13,13,16,1,0,1,0,7.375,3.48124,,,,
65,13,14,18,2,1,1,0,5.8125,4.174387,,,,
42.5,13,12,13,1,0,1,6,8.625,3.749504,,,,
32.5,13,13,13,2,1,1,0,8.4375,3.48124,,,,
42.5,13,14,16,1,1,0,0,8,3.749504,,,,
37.5,13,16,18,1,0,1,0,7.375,3.624341,,,,
9.5,13,12,12,1,0,0,0,7.125,2.251292,,,,
37.5,13,16,14,2,0,1,0,7.5,3.624341,,,,
65,13,18,18,1,0,1,0,7.0625,4.174387,,,,
42.5,13,12,12,1,0,1,0,6.875,3.749504,,,,
37.5,13,12,15,1,1,1,0,6.625,3.624341,,,,
9.5,26,0,12,1,1,1,20,7.8125,2.251292,,,,
19.5,26,14,14,1,1,1,0,6.6875,2.970414,,,,
19.5,26,12,12,1,0,1,0,8.125,2.970414,,,,
47.5,26,18,17,1,1,1,0,7.25,3.86073,,,,
42.5,26,12,12,4,0,1,5,6.375,3.749504,,,,
27.5,26,12,11,1,1,1,0,7,3.314186,,,,
65,26,12,12,2,0,1,20,7.75,4.174387,,,,
32.5,26,14,12,2,0,1,0,7.375,3.48124,,,,
47.5,26,16,14,2,1,1,0,7.8125,3.86073,,,,
65,26,14,18,1,0,1,0,6.4375,4.174387,,,,
6.5,26,0,12,2,1,1,0,7.1875,1.871802,,,,
42.5,26,13,14,2,0,1,0,8.5,3.749504,,,,
19.5,26,10,11,1,1,1,10,7.5,2.970414,,,,
65,26,12,12,1,1,1,2,8.6875,4.174387,,,,
27.5,26,12,14,2,0,1,0,8.5625,3.314186,,,,
37.5,26,15,16,1,0,1,5,7.5,3.624341,,,,
27.5,26,15,15,1,1,1,0,7.0625,3.314186,,,,
22.5,26,12,12,1,1,1,0,6.375,3.113515,,,,
27.5,26,12,12,3,0,1,0,8.25,3.314186,,,,
37.5,26,12,12,1,1,1,1,8.8125,3.624341,,,,
22.5,26,16,12,2,0,1,0,7.4375,3.113515,,,,
27.5,26,13,12,2,0,1,20,6.4375,3.314186,,,,
32.5,26,12,13,1,1,1,0,7.3125,3.48124,,,,
32.5,26,12,12,1,1,1,0,7.0625,3.48124,,,,
37.5,26,12,12,1,0,1,0,8.5,3.624341,,,,
37.5,26,12,12,1,0,1,0,8,3.624341,,,,
19.5,26,16,15,1,1,1,0,6.875,2.970414,,,,
65,26,18,18,1,1,1,0,6.875,4.174387,,,,
65,26,14,13,1,1,1,0,7.6875,4.174387,,,,
32.5,26,12,12,1,1,1,0,9.375,3.48124,,,,
42.5,26,18,18,2,0,1,0,7.3125,3.749504,,,,
22.5,26,14,13,2,1,1,0,8.875,3.113515,,,,
22.5,26,12,12,1,1,0,0,6.9375,3.113515,,,,
16.5,26,12,12,2,1,1,10,6.3125,2.80336,,,,
22.5,26,12,12,1,0,1,0,7.75,3.113515,,,,
22.5,26,18,18,1,1,0,0,7.5,3.113515,,,,
65,26,12,12,3,1,1,0,7.6875,4.174387,,,,
13.5,26,12,12,1,1,1,10,5.875,2.60269,,,,
32.5,26,10,12,1,0,1,0,6.875,3.48124,,,,
37.5,26,18,18,1,0,1,0,5.4375,3.624341,,,,
37.5,26,15,16,1,1,1,0,6.8125,3.624341,,,,
27.5,26,0,12,1,0,0,0,7,3.314186,,,,
6.5,26,0,12,3,0,0,20,6.75,1.871802,,,,
19.5,25,11,10,4,0,1,0,8.6875,2.970414,,,,
32.5,25,16,16,1,0,1,0,6.5,3.48124,,,,
22.5,25,0,13,1,0,1,0,7.5625,3.113515,,,,
65,25,15,17,1,0,1,0,6.875,4.174387,,,,
27.5,25,12,10,5,0,1,0,9.6875,3.314186,,,,
18.5,25,16,17,2,0,1,0,9.1875,2.917771,,,,
47.5,25,11,12,1,1,1,0,7.3125,3.86073,,,,
1.5,25,0,12,1,1,0,0,7.0625,0.4054651,,,,
42.5,25,13,12,2,0,1,0,8.5,3.749504,,,,
1.5,25,0,12,1,0,0,0,6.5625,0.4054651,,,,
65,25,16,16,1,1,1,0,8.0625,4.174387,,,,
22.5,25,16,15,1,1,1,0,7.125,3.113515,,,,
42.5,25,12,14,2,1,1,0,6.8125,3.749504,,,,
0.5,25,0,12,3,1,0,0,6.75,-0.6931472,,,,
47.5,25,16,16,1,0,1,0,8.875,3.86073,,,,
65,25,12,12,1,1,1,0,6.1875,4.174387,,,,
11.5,25,0,12,1,1,1,20,4.9375,2.442347,,,,
5.5,25,12,11,1,0,1,20,6.375,1.704748,,,,
65,25,12,12,2,0,1,0,4.625,4.174387,,,,
2.5,25,0,12,1,1,0,3,6.8125,0.9162908,,,,
65,25,18,16,3,0,1,0,8.875,4.174387,,,,
32.5,25,10,11,2,0,1,10,6.125,3.48124,,,,
2.5,25,12,12,2,1,0,0,8,0.9162908,,,,
47.5,25,17,12,1,1,1,0,6.6875,3.86073,,,,
5.5,25,0,11,1,1,0,0,6.0625,1.704748,,,,
65,25,18,16,3,1,1,0,7.8125,4.174387,,,,
11.5,25,0,13,2,1,0,20,4.6875,2.442347,,,,
22.5,25,14,8,1,1,1,40,8.5,3.113515,,,,
65,25,17,16,1,0,1,0,6.625,4.174387,,,,
13.5,25,12,12,1,0,1,0,6.5,2.60269,,,,
27.5,25,13,12,1,1,1,0,4.5,3.314186,,,,
65,25,18,12,2,0,1,0,7,4.174387,,,,
32.5,25,9,12,3,0,1,20,7.5,3.48124,,,,
65,25,12,12,1,1,1,0,6.4375,4.174387,,,,
8.5,25,11,12,4,1,0,0,7.625,2.140066,,,,
27.5,25,16,16,1,0,1,0,8.5,3.314186,,,,
65,25,14,10,3,1,1,0,7.6875,4.174387,,,,
32.5,25,11,11,2,0,1,0,8.625,3.48124,,,,
5.5,25,11,12,1,1,1,8,3.125,1.704748,,,,
22.5,25,11,12,3,1,1,20,4.6875,3.113515,,,,
5.5,25,0,11,2,0,1,0,5.8125,1.704748,,,,
27.5,25,12,10,2,0,1,0,7.4375,3.314186,,,,
7.5,25,0,15,1,0,0,0,7.3125,2.014903,,,,
4.5,25,7,9,3,1,1,10,6.375,1.504077,,,,
42.5,25,16,15,3,1,1,0,7,3.749504,,,,
32.5,25,12,13,2,0,1,0,6.625,3.48124,,,,
22.5,25,11,12,2,1,1,0,6.75,3.113515,,,,
27.5,25,12,12,1,0,1,0,7,3.314186,,,,
47.5,25,12,17,1,1,1,0,9.0625,3.86073,,,,
32.5,25,14,13,1,1,0,0,8.375,3.48124,,,,
3.5,25,0,12,2,0,0,0,7.3125,1.252763,,,,
32.5,25,15,14,2,0,1,7,7.125,3.48124,,,,
9.5,25,13,12,1,1,1,0,3.25,2.251292,,,,
47.5,25,16,16,1,0,1,0,7.8125,3.86073,,,,
42.5,25,17,14,1,0,1,0,7.9375,3.749504,,,,
9.5,25,14,15,1,1,1,0,8.25,2.251292,,,,
18.5,25,14,14,1,0,0,0,6.25,2.917771,,,,
37.5,25,12,12,2,0,1,0,5,3.624341,,,,
27.5,25,14,13,2,0,1,0,7.75,3.314186,,,,
37.5,25,16,15,2,1,1,0,7.6875,3.624341,,,,
18.5,38,18,16,3,0,1,0,7.5625,2.917771,,,,
65,38,12,12,3,1,1,0,8.5,4.174387,,,,
32.5,38,18,17,3,0,1,0,9.5,3.48124,,,,
27.5,38,16,16,1,0,1,0,8.25,3.314186,,,,
65,38,16,16,2,0,1,0,8.9375,4.174387,,,,
22.5,38,12,12,1,1,1,8,7.125,3.113515,,,,
65,38,16,16,1,0,1,0,5.5,4.174387,,,,
37.5,38,12,12,2,1,0,0,5.0625,3.624341,,,,
22.5,38,15,13,2,0,1,0,7.1875,3.113515,,,,
47.5,38,18,12,2,1,1,0,9.375,3.86073,,,,
42.5,38,16,13,2,1,1,0,8.8125,3.749504,,,,
12.5,38,12,15,1,1,1,0,7.8125,2.525729,,,,
18.5,38,12,12,2,0,1,0,8.4375,2.917771,,,,
6.5,38,0,11,2,0,1,20,7.5,1.871802,,,,
42.5,38,14,14,2,0,1,0,5.1875,3.749504,,,,
27.5,38,12,12,3,0,1,0,8.9375,3.314186,,,,
65,38,12,16,1,1,1,0,9.5625,4.174387,,,,
65,38,16,14,3,1,1,0,9.375,4.174387,,,,
27.5,38,14,14,3,0,1,0,9.5,3.314186,,,,
27.5,38,12,12,1,0,1,10,9.25,3.314186,,,,
42.5,38,13,18,2,0,1,0,7.6875,3.749504,,,,
27.5,38,12,12,1,1,1,0,7.3125,3.314186,,,,
65,38,16,16,1,1,1,0,8,4.174387,,,,
65,38,16,16,2,0,1,0,5.75,4.174387,,,,
27.5,38,13,13,1,0,1,0,7.1875,3.314186,,,,
27.5,38,16,17,1,0,1,0,6.5625,3.314186,,,,
65,38,16,12,1,1,1,0,8.8125,4.174387,,,,
14.5,38,12,12,1,1,1,0,6.5,2.674149,,,,
22.5,38,14,12,3,1,1,0,9.75,3.113515,,,,
10.5,38,16,12,4,0,1,0,8.1875,2.351375,,,,
15.5,38,12,12,1,1,1,0,7.3125,2.74084,,,,
32.5,38,12,12,2,0,1,0,8.8125,3.48124,,,,
32.5,38,12,10,2,0,1,0,8.625,3.48124,,,,
4.5,38,0,12,1,0,1,0,8.5,1.504077,,,,
6.5,38,0,13,2,0,0,0,9.3125,1.871802,,,,
8.5,38,12,12,1,0,1,0,9,2.140066,,,,
32.5,38,18,18,1,0,1,0,7.6875,3.48124,,,,
32.5,38,16,16,1,1,1,0,7.125,3.48124,,,,
32.5,38,0,12,1,1,1,0,6.25,3.48124,,,,
47.5,38,12,12,1,1,1,0,7.9375,3.86073,,,,
17.5,38,12,12,1,0,1,20,5.75,2.862201,,,,
37.5,38,16,17,2,0,1,0,8.625,3.624341,,,,
27.5,38,15,16,1,1,1,0,8.6875,3.314186,,,,
7.5,38,16,16,1,1,1,0,7.75,2.014903,,,,
10.5,13,10,11,1,1,1,0,8.25,2.351375,,,,
22.5,13,14,13,2,0,1,0,9.4375,3.113515,,,,
27.5,13,12,16,2,1,1,0,7.875,3.314186,,,,
32.5,13,17,18,1,0,1,5,5.9375,3.48124,,,,
37.5,13,12,16,1,0,1,0,7.1875,3.624341,,,,
4.5,13,0,12,1,1,0,0,6.8125,1.504077,,,,
2.5,13,0,11,1,0,0,0,5.375,0.9162908,,,,
47.5,13,12,9,2,0,1,0,8,3.86073,,,,
22.5,13,12,10,1,1,1,10,5.875,3.113515,,,,
1.5,13,0,12,1,0,0,0,9,0.4054651,,,,
22.5,13,18,16,1,0,0,0,5.75,3.113515,,,,
27.5,13,12,12,1,0,1,0,7.3125,3.314186,,,,
65,13,12,11,1,1,1,0,8.125,4.174387,,,,
42.5,13,13,14,3,0,1,0,5.125,3.749504,,,,
12.5,13,12,12,2,1,1,0,7.5625,2.525729,,,,
47.5,13,12,14,1,1,1,0,6.125,3.86073,,,,
32.5,13,16,14,1,1,1,20,8.5625,3.48124,,,,
37.5,13,16,16,1,0,1,15,7.125,3.624341,,,,
42.5,13,12,16,2,1,1,0,7.5625,3.749504,,,,
22.5,13,14,12,2,1,1,0,7.75,3.113515,,,,
17.5,16,16,14,1,0,1,0,7.4375,2.862201,,,,
32.5,16,18,18,3,1,1,0,9.4375,3.48124,,,,
22.5,16,12,12,1,0,1,0,9,3.113515,,,,
18.5,16,12,12,5,0,1,0,7.75,2.917771,,,,
32.5,16,12,12,2,0,1,7,6.25,3.48124,,,,
27.5,16,14,16,3,0,1,0,10,3.314186,,,,
3.5,16,10,12,2,1,1,0,6.8125,1.252763,,,,
15.5,16,12,14,3,1,1,0,8.625,2.74084,,,,
65,16,18,18,3,1,1,0,7.625,4.174387,,,,
37.5,16,12,16,4,0,1,0,6.8125,3.624341,,,,
32.5,16,16,18,1,1,1,0,8.6875,3.48124,,,,
9.5,16,12,12,2,1,1,0,7.8125,2.251292,,,,
22.5,20,12,6,3,1,1,15,7.375,3.113515,,,,
42.5,20,12,17,1,1,1,0,7.125,3.749504,,,,
65,20,7,13,3,1,0,0,9.5,4.174387,,,,
37.5,20,16,13,2,0,1,1,7.125,3.624341,,,,
22.5,20,16,16,1,1,0,0,7.4375,3.113515,,,,
15.5,20,12,12,1,1,0,0,9.3125,2.74084,,,,
42.5,27,13,12,1,0,1,15,7.875,3.749504,,,,
14.5,27,13,11,1,1,1,0,7.125,2.674149,,,,
37.5,27,18,16,2,1,1,0,7.875,3.624341,,,,
22.5,27,0,12,1,1,1,0,7.1875,3.113515,,,,
65,27,12,16,1,1,1,0,7.6875,4.174387,,,,
47.5,27,17,12,1,1,1,0,10,3.86073,,,,
10.5,27,12,11,1,1,1,0,3.625,2.351375,,,,
65,27,18,17,1,0,1,0,6.75,4.174387,,,,
27.5,27,12,12,2,1,1,0,7.0625,3.314186,,,,
65,27,18,18,2,1,1,0,8.75,4.174387,,,,
27.5,27,12,16,2,1,1,0,7.375,3.314186,,,,
65,27,16,12,1,1,1,0,6.9375,4.174387,,,,
16.5,27,12,12,1,1,1,5,5.5,2.80336,,,,
65,27,14,13,1,0,1,10,8.3125,4.174387,,,,
42.5,27,16,18,1,0,1,0,6.625,3.749504,,,,
12.5,27,16,12,1,1,0,0,8.5625,2.525729,,,,
11.5,27,15,16,1,1,0,0,8.0625,2.442347,,,,
37.5,27,12,12,3,1,0,0,8.25,3.624341,,,,
65,27,13,12,1,1,1,12,7,4.174387,,,,
32.5,27,12,10,2,1,1,0,7.625,3.48124,,,,
65,27,16,16,1,0,1,0,4.75,4.174387,,,,
65,27,18,14,4,0,1,10,7.625,4.174387,,,,
65,27,18,16,2,0,1,0,9.9375,4.174387,,,,
65,27,15,16,1,1,1,0,7.25,4.174387,,,,
22.5,27,12,13,1,0,1,20,6.5,3.113515,,,,
65,27,16,14,1,0,1,0,7.25,4.174387,,,,
47.5,27,12,11,3,0,1,10,7.1875,3.86073,,,,
27.5,27,12,12,1,1,1,10,9.9375,3.314186,,,,
65,27,16,16,1,0,1,0,9.0625,4.174387,,,,
65,27,14,16,2,0,1,0,7.5625,4.174387,,,,
32.5,27,0,16,1,1,1,0,7,3.48124,,,,
22.5,27,13,12,1,0,1,0,6.6875,3.113515,,,,
65,27,12,17,1,0,1,0,8.3125,4.174387,,,,
65,27,12,12,2,1,1,0,8.5,4.174387,,,,
6.5,27,0,12,1,0,1,0,9.25,1.871802,,,,
65,27,12,14,2,1,1,0,8.3125,4.174387,,,,
37.5,27,13,12,1,1,1,4,6.75,3.624341,,,,
65,27,16,16,2,1,1,0,5.6875,4.174387,,,,
32.5,27,12,12,2,1,1,0,5.875,3.48124,,,,
27.5,15,12,12,1,0,1,0,7.6875,3.314186,,,,
65,15,18,16,2,0,1,0,8.0625,4.174387,,,,
27.5,15,14,14,1,1,1,0,6.75,3.314186,,,,
22.5,15,12,16,2,1,0,0,9,3.113515,,,,
22.5,15,14,12,1,0,0,0,8.25,3.113515,,,,
13.5,15,14,12,1,1,0,0,8.125,2.60269,,,,
22.5,21,0,13,1,0,0,0,6.5625,3.113515,,,,
32.5,21,12,10,1,1,1,0,5.625,3.48124,,,,
12.5,21,0,12,5,1,0,0,9.625,2.525729,,,,
6.5,21,0,12,1,1,0,4,6.4375,1.871802,,,,
22.5,21,12,12,1,1,1,15,5.4375,3.113515,,,,
42.5,21,12,14,2,0,1,0,8.3125,3.749504,,,,
42.5,21,12,13,2,1,1,0,7.3125,3.749504,,,,
65,21,16,14,1,1,1,0,9.5,4.174387,,,,
27.5,21,16,12,3,0,1,0,7.4375,3.314186,,,,
22.5,21,15,14,2,0,0,0,6.75,3.113515,,,,
65,21,18,16,1,0,1,0,7.125,4.174387,,,,
37.5,21,12,14,1,0,1,3,5.5625,3.624341,,,,
65,21,12,12,3,0,1,0,8.25,4.174387,,,,
32.5,21,12,12,1,1,1,0,8.125,3.48124,,,,
65,21,16,16,2,1,0,0,7.75,4.174387,,,,
65,21,18,18,1,0,1,0,6.6875,4.174387,,,,
22.5,21,12,14,1,1,1,0,7.8125,3.113515,,,,
22.5,21,15,15,1,0,1,0,7.3125,3.113515,,,,
17.5,21,11,14,1,1,0,0,7.3125,2.862201,,,,
19.5,21,12,14,3,0,1,0,7.8125,2.970414,,,,
27.5,21,12,14,2,1,1,0,6.625,3.314186,,,,
47.5,21,13,13,2,1,1,10,8.125,3.86073,,,,
47.5,21,12,14,1,1,1,0,8.0625,3.86073,,,,
22.5,21,0,16,1,1,1,0,9,3.113515,,,,
9.5,21,8,12,1,0,0,0,6.5,2.251292,,,,
42.5,21,12,16,3,0,1,0,6.875,3.749504,,,,
10.5,21,9,12,2,0,1,10,7.0625,2.351375,,,,
65,21,15,18,1,0,1,0,5.8125,4.174387,,,,
47.5,21,15,18,2,0,1,0,6.625,3.86073,,,,
42.5,21,18,12,3,1,1,0,7.0625,3.749504,,,,
22.5,21,0,12,1,1,0,20,7.5,3.113515,,,,
27.5,21,16,15,1,1,1,0,7.25,3.314186,,,,
65,21,18,16,2,0,1,0,8.0625,4.174387,,,,
8.5,21,0,13,1,1,0,0,6.625,2.140066,,,,
22.5,21,11,11,1,1,1,0,7.4375,3.113515,,,,
19.5,21,12,13,1,1,1,0,7,2.970414,,,,
8.5,21,10,10,1,0,1,0,7.6875,2.140066,,,,
47.5,21,0,14,1,0,0,0,8.0625,3.86073,,,,
8.5,21,6,12,3,1,0,0,6.25,2.140066,,,,
4.5,21,0,10,1,0,0,2,6.0625,1.504077,,,,
65,21,18,18,1,0,1,0,7.9375,4.174387,,,,
32.5,21,12,13,1,0,1,0,8,3.48124,,,,
12.5,21,0,13,2,0,0,0,7.625,2.525729,,,,
65,21,14,12,1,1,1,0,5.8125,4.174387,,,,
19.5,21,12,11,1,1,1,10,5.625,2.970414,,,,
22.5,21,14,14,1,1,1,0,4.5625,3.113515,,,,
27.5,21,0,16,2,0,1,0,8.3125,3.314186,,,,
19.5,21,0,12,1,0,0,0,7,2.970414,,,,
15.5,21,16,17,1,0,1,0,6.125,2.74084,,,,
37.5,21,14,12,1,1,1,0,8.5,3.624341,,,,
13.5,21,13,11,2,1,0,0,4.875,2.60269,,,,
42.5,21,11,12,1,0,1,0,6.6875,3.749504,,,,
65,21,12,12,1,1,1,0,9.1875,4.174387,,,,
32.5,21,14,12,1,0,1,20,9.3125,3.48124,,,,
37.5,21,18,16,1,0,1,0,6.625,3.624341,,,,
47.5,21,10,13,1,0,1,10,6.0625,3.86073,,,,
65,21,12,12,2,0,1,0,8.375,4.174387,,,,
22.5,21,16,16,2,1,1,0,8.5,3.113515,,,,
27.5,21,16,16,2,0,0,0,8.5,3.314186,,,,
22.5,21,12,12,1,1,1,0,8.1875,3.113515,,,,
27.5,21,15,16,1,1,1,0,7,3.314186,,,,
12.5,21,13,12,1,1,1,0,6.5625,2.525729,,,,
19.5,21,16,14,1,0,0,0,7.5,2.970414,,,,
42.5,21,16,15,1,0,1,0,7.5,3.749504,,,,
27.5,21,12,14,3,1,1,0,7.1875,3.314186,,,,
32.5,21,13,16,1,1,1,0,7.5,3.48124,,,,
65,21,12,12,1,0,0,0,8.8125,4.174387,,,,
47.5,21,13,12,3,0,1,5,7.4375,3.86073,,,,
27.5,21,16,14,1,0,1,0,7.125,3.314186,,,,
32.5,21,12,9,3,0,0,10,8.9375,3.48124,,,,
65,21,12,12,1,1,1,0,7.0625,4.174387,,,,
22.5,21,12,12,2,0,1,0,7.375,3.113515,,,,
65,21,12,14,1,1,1,0,7.875,4.174387,,,,
42.5,21,13,12,1,1,1,0,7.5,3.749504,,,,
32.5,21,18,18,2,1,0,0,8.6875,3.48124,,,,
65,21,14,14,1,0,1,0,6.5,4.174387,,,,
42.5,21,12,12,3,0,0,0,8.8125,3.749504,,,,
27.5,21,12,12,1,1,1,0,7.125,3.314186,,,,
65,21,16,14,2,0,1,0,6.9375,4.174387,,,,
5.5,21,0,12,1,0,1,0,5.875,1.704748,,,,
22.5,21,12,6,1,1,0,0,8.375,3.113515,,,,
37.5,21,17,13,1,1,0,0,7.0625,3.624341,,,,
2.5,21,0,12,2,1,0,0,7.25,0.9162908,,,,
6.5,2,12,13,1,1,0,0,7.125,1.871802,,,,
18.5,2,12,12,1,0,1,0,7.1875,2.917771,,,,
13.5,2,10,11,1,0,1,0,7.625,2.60269,,,,
12.5,2,14,10,4,1,1,20,7.375,2.525729,,,,
19.5,2,9,9,1,0,1,0,7.1875,2.970414,,,,
9.5,2,12,12,1,0,1,0,6.5,2.251292,,,,
9.5,2,7,12,2,1,0,0,8.375,2.251292,,,,
13.5,2,12,12,1,1,1,0,8.9375,2.60269,,,,
47.5,2,16,16,1,1,1,0,8.9375,3.86073,,,,
10.5,2,12,13,2,1,0,0,6.625,2.351375,,,,
37.5,2,16,14,2,1,1,0,7.9375,3.624341,,,,
27.5,2,13,14,1,0,1,0,7.625,3.314186,,,,
19.5,2,13,16,1,1,1,0,7.1875,2.970414,,,,
15.5,2,12,12,4,1,0,0,8.6875,2.74084,,,,
16.5,2,11,9,2,0,1,10,7.125,2.80336,,,,
32.5,2,16,16,1,0,1,0,6.75,3.48124,,,,
11.5,2,0,14,1,1,0,0,7.9375,2.442347,,,,
10.5,2,0,11,1,0,0,0,6.9375,2.351375,,,,
16.5,2,0,11,1,0,0,0,5.6875,2.80336,,,,
9.5,2,0,10,1,1,0,0,6,2.251292,,,,
12.5,2,12,8,1,1,0,10,6.4375,2.525729,,,,
9.5,2,10,6,2,1,1,0,4.875,2.251292,,,,
22.5,2,12,12,1,0,1,0,6.125,3.113515,,,,
22.5,2,8,8,2,0,1,30,5.875,3.113515,,,,
27.5,2,12,10,1,1,1,10,8.4375,3.314186,,,,
11.5,2,9,9,1,1,1,20,7.75,2.442347,,,,
5.5,18,0,7,4,0,1,0,6.75,1.704748,,,,
19.5,18,12,12,1,1,1,10,8,2.970414,,,,
11.5,18,12,12,3,0,1,0,8.6875,2.442347,,,,
27.5,18,14,8,3,1,1,0,8,3.314186,,,,
42.5,18,12,13,1,1,1,0,6.375,3.749504,,,,
3.5,18,0,12,2,1,1,0,8.5,1.252763,,,,
65,18,12,12,1,0,1,0,9.125,4.174387,,,,
16.5,18,17,12,1,1,1,0,8.5,2.80336,,,,
42.5,18,16,16,1,1,1,0,5.5625,3.749504,,,,
2.5,18,0,10,1,0,1,30,6.375,0.9162908,,,,
3.5,18,0,10,3,1,0,30,8.625,1.252763,,,,
8.5,18,12,12,1,0,1,0,8,2.140066,,,,
27.5,18,12,13,3,1,1,0,7.75,3.314186,,,,
12.5,18,12,12,1,1,1,0,7.625,2.525729,,,,
4.5,18,0,10,2,0,1,4,6.3125,1.504077,,,,
37.5,18,12,12,1,1,1,0,7.375,3.624341,,,,
32.5,18,16,18,2,1,1,0,4.375,3.48124,,,,
22.5,18,12,12,1,1,1,0,8.5,3.113515,,,,
37.5,18,13,12,2,0,1,0,9.5,3.624341,,,,
19.5,18,12,14,3,0,1,0,6.125,2.970414,,,,
9.5,18,12,11,4,0,1,10,4.25,2.251292,,,,
13.5,18,8,12,2,0,0,3,6.3125,2.60269,,,,
2.5,18,0,10,2,0,0,0,5.875,0.9162908,,,,
0.5,18,8,8,1,1,1,0,7.3125,-0.6931472,,,,
10.5,18,0,12,1,0,0,0,6,2.351375,,,,
47.5,18,16,14,2,0,1,0,7.625,3.86073,,,,
42.5,18,16,16,4,1,1,0,8.25,3.749504,,,,
3.5,18,0,12,2,1,0,20,6.5,1.252763,,,,
27.5,18,0,12,3,0,1,0,8.125,3.314186,,,,
19.5,18,0,15,1,1,0,0,5.25,2.970414,,,,
37.5,18,12,12,1,1,1,0,9.9375,3.624341,,,,
7.5,18,0,10,1,0,1,3,7.1875,2.014903,,,,
22.5,18,12,10,1,0,1,20,7.875,3.113515,,,,
22.5,18,13,12,1,0,1,7,8.25,3.113515,,,,
47.5,18,12,14,3,0,0,0,6.3125,3.86073,,,,
27.5,18,12,12,2,1,1,20,5.4375,3.314186,,,,
4.5,18,0,12,1,1,1,0,9.1875,1.504077,,,,
18.5,18,12,12,1,1,1,0,6.75,2.917771,,,,
32.5,18,15,16,1,1,1,0,6.4375,3.48124,,,,
37.5,18,12,12,2,0,1,0,8,3.624341,,,,
6.5,18,11,10,2,1,1,2,6.0625,1.871802,,,,
42.5,18,16,12,1,1,1,0,7.0625,3.749504,,,,
47.5,18,12,12,1,0,1,0,8,3.86073,,,,
14.5,18,0,12,2,1,0,10,4.625,2.674149,,,,
4.5,18,0,11,1,1,1,0,5.9375,1.504077,,,,
65,18,16,16,2,0,1,0,8,4.174387,,,,
12.5,18,11,12,2,1,1,20,8.0625,2.525729,,,,
37.5,18,12,12,1,1,1,0,7.3125,3.624341,,,,
32.5,18,12,12,1,1,1,0,6.8125,3.48124,,,,
6.5,18,0,12,1,0,0,0,6.8125,1.871802,,,,
11.5,18,13,12,1,0,1,5,8.0625,2.442347,,,,
14.5,18,12,12,2,0,1,0,9,2.674149,,,,
27.5,18,10,9,2,0,1,0,8.1875,3.314186,,,,
32.5,18,17,12,1,1,1,0,6.5,3.48124,,,,
15.5,18,12,12,1,0,0,0,7.5,2.74084,,,,
22.5,18,10,12,2,0,0,10,6.1875,3.113515,,,,
22.5,18,11,12,3,0,1,20,6.4375,3.113515,,,,
65,18,16,16,3,1,1,0,7.6875,4.174387,,,,
47.5,18,12,12,1,0,1,0,8.375,3.86073,,,,
17.5,18,12,12,2,1,1,0,9.1875,2.862201,,,,
27.5,18,12,9,2,1,0,20,5.1875,3.314186,,,,
32.5,18,12,12,1,1,0,0,5.6875,3.48124,,,,
65,18,12,14,2,1,1,0,7.75,4.174387,,,,
65,18,18,17,2,0,1,0,8.8125,4.174387,,,,
65,18,18,16,1,1,1,0,3.5,4.174387,,,,
32.5,18,14,12,1,1,1,0,8.6875,3.48124,,,,
18.5,18,12,12,2,1,1,0,8.3125,2.917771,,,,
42.5,18,12,12,2,1,1,0,9,3.749504,,,,
7.5,18,0,12,1,1,1,0,8.125,2.014903,,,,
37.5,18,13,12,2,0,1,5,6.375,3.624341,,,,
37.5,18,14,14,2,1,1,0,6.8125,3.624341,,,,
1.5,18,0,12,2,0,0,0,6.5,0.4054651,,,,
17.5,18,0,13,2,0,0,7,8.375,2.862201,,,,
65,18,12,16,1,1,1,0,5.6875,4.174387,,,,
3.5,18,11,12,2,0,1,0,9.9375,1.252763,,,,
4.5,18,17,18,1,0,0,0,5.8125,1.504077,,,,
22.5,18,0,12,1,1,0,15,8.1875,3.113515,,,,
22.5,18,12,12,2,1,0,0,7.4375,3.113515,,,,
3.5,18,0,11,2,1,0,0,7.875,1.252763,,,,
17.5,18,12,11,1,0,0,0,6.6875,2.862201,,,,
16.5,18,12,12,1,0,1,0,4.75,2.80336,,,,
10.5,18,17,17,1,1,0,0,7.625,2.351375,,,,
22.5,18,18,16,2,0,0,0,6.5,3.113515,,,,
3.5,18,0,11,3,0,0,4,5.75,1.252763,,,,
8.5,18,9,9,2,1,1,10,6.3125,2.140066,,,,
1.5,18,11,12,1,0,0,0,6.8125,0.4054651,,,,
65,18,16,16,2,0,1,0,7.0625,4.174387,,,,
42.5,18,13,16,1,0,1,0,8.5,3.749504,,,,
22.5,18,0,12,1,0,0,0,9.1875,3.113515,,,,
17.5,18,12,12,1,0,1,15,6.5,2.862201,,,,
18.5,18,11,10,3,0,1,15,7.3125,2.917771,,,,
5.5,23,9,8,2,1,0,40,5.5625,1.704748,,,,
13.5,23,12,12,1,1,1,0,6.3125,2.60269,,,,
17.5,23,14,12,3,1,1,0,7.5625,2.862201,,,,
19.5,23,14,12,1,0,1,10,7.5,2.970414,,,,
65,23,16,16,2,1,1,0,7.25,4.174387,,,,
11.5,23,11,10,5,1,1,0,7,2.442347,,,,
65,23,16,18,1,0,1,0,7.8125,4.174387,,,,
2.5,23,0,12,1,0,0,0,8,0.9162908,,,,
65,23,16,16,2,1,1,0,7.125,4.174387,,,,
10.5,23,12,9,1,0,1,20,6.5,2.351375,,,,
42.5,23,16,12,1,0,1,0,7.6875,3.749504,,,,
19.5,23,18,13,1,1,1,0,7.6875,2.970414,,,,
5.5,23,9,12,3,0,1,0,10.25,1.704748,,,,
0.5,23,0,9,1,1,1,0,7.0625,-0.6931472,,,,
65,23,12,14,1,0,1,0,6.375,4.174387,,,,
47.5,23,12,12,1,0,1,0,7.0625,3.86073,,,,
14.5,23,8,12,1,0,1,0,6.1875,2.674149,,,,
27.5,23,17,18,1,0,1,0,7.9375,3.314186,,,,
22.5,23,9,12,1,1,0,20,8.25,3.113515,,,,
19.5,23,14,12,2,0,1,20,7.5625,2.970414,,,,
15.5,23,12,11,1,0,1,0,5.6875,2.74084,,,,
0.5,23,11,8,1,1,1,10,6.8125,-0.6931472,,,,
47.5,23,16,17,1,0,1,0,7,3.86073,,,,
22.5,23,16,12,2,0,1,0,7.75,3.113515,,,,
15.5,23,12,12,2,0,1,0,9.3125,2.74084,,,,
17.5,23,12,12,2,1,1,10,6.4375,2.862201,,,,
47.5,23,18,15,1,0,1,0,7.5,3.86073,,,,
15.5,23,12,14,1,1,1,0,9,2.74084,,,,
18.5,27,14,17,1,1,1,0,7.25,2.917771,,,,
2.5,27,0,14,1,0,1,10,7,0.9162908,,,,
18.5,27,12,12,2,0,1,0,8,2.917771,,,,
27.5,27,12,12,1,0,1,0,8.5625,3.314186,,,,
32.5,27,14,14,3,0,1,0,7.9375,3.48124,,,,
19.5,27,12,11,1,0,0,15,6.3125,2.970414,,,,
32.5,27,14,13,2,1,1,15,5.75,3.48124,,,,
22.5,27,12,12,1,0,1,0,6.3125,3.113515,,,,
19.5,18,10,10,1,0,1,0,7.5625,2.970414,,,,
6.5,18,12,10,1,1,0,0,7.25,1.871802,,,,
27.5,18,16,12,3,0,1,0,7.9375,3.314186,,,,
10.5,18,12,12,1,0,1,0,8.3125,2.351375,,,,
47.5,18,16,13,2,1,1,0,8,3.86073,,,,
19.5,18,17,14,1,0,1,0,7.6875,2.970414,,,,
22.5,18,12,12,1,1,1,0,7.625,3.113515,,,,
15.5,18,0,12,1,0,1,20,7.0625,2.74084,,,,
8.5,18,12,9,5,1,1,0,8,2.140066,,,,
19.5,18,8,12,1,0,0,5,8.6875,2.970414,,,,
1.5,18,12,12,1,1,1,0,8.8125,0.4054651,,,,
14.5,18,8,9,1,0,1,6,7.5625,2.674149,,,,
27.5,18,16,16,1,1,1,0,7.6875,3.314186,,,,
5.5,18,0,7,4,1,1,20,9.4375,1.704748,,,,
5.5,18,0,9,2,1,0,0,7.4375,1.704748,,,,
14.5,18,0,12,1,1,1,0,6.5625,2.674149,,,,
32.5,18,14,12,2,0,0,0,8.3125,3.48124,,,,
22.5,18,18,12,2,0,1,0,7.6875,3.113515,,,,
22.5,18,12,12,2,1,1,0,6.9375,3.113515,,,,
27.5,18,12,12,1,0,1,0,7.6875,3.314186,,,,
27.5,18,6,12,1,1,1,10,7.6875,3.314186,,,,
13.5,18,11,12,1,1,1,0,8.125,2.60269,,,,
22.5,18,14,12,1,0,1,0,9.625,3.113515,,,,
22.5,18,13,12,1,1,1,0,7.5,3.113515,,,,
65,18,13,14,2,0,1,0,5.625,4.174387,,,,
19.5,18,10,12,1,0,1,0,7.125,2.970414,,,,
37.5,18,16,13,1,0,1,0,7.6875,3.624341,,,,
32.5,18,16,12,2,1,1,0,7.6875,3.48124,,,,
11.5,18,0,12,1,1,0,0,8.5,2.442347,,,,
27.5,18,15,16,1,0,1,0,6.5,3.314186,,,,
17.5,18,0,13,2,0,0,20,8,2.862201,,,,
37.5,18,12,14,1,0,1,0,8,3.624341,,,,
10.5,18,9,9,2,1,1,0,10,2.351375,,,,
32.5,18,16,16,1,1,1,0,6.9375,3.48124,,,,
37.5,18,14,12,2,1,1,0,8.8125,3.624341,,,,
32.5,18,8,9,1,0,1,0,7.625,3.48124,,,,
37.5,18,12,16,1,0,1,0,6.125,3.624341,,,,
2.5,18,0,12,2,1,0,10,6,0.9162908,,,,
15.5,18,11,7,3,0,1,0,7.9375,2.74084,,,,
42.5,18,12,12,2,1,1,0,7.4375,3.749504,,,,
22.5,18,0,9,1,1,0,0,2.6875,3.113515,,,,
22.5,18,12,12,1,1,0,0,6.25,3.113515,,,,
2.5,18,0,11,1,0,1,0,8.6875,0.9162908,,,,
32.5,18,11,12,1,1,1,0,8,3.48124,,,,
32.5,18,16,16,1,0,1,0,7.1875,3.48124,,,,
18.5,18,0,12,1,1,0,0,7.5625,2.917771,,,,
27.5,18,0,12,1,1,1,0,8.375,3.314186,,,,
2.5,18,12,12,1,1,1,0,7.5,0.9162908,,,,
6.5,18,12,12,1,1,1,20,6.5,1.871802,,,,
37.5,18,12,12,1,0,1,0,10.625,3.624341,,,,
65,18,12,14,2,1,1,0,8.25,4.174387,,,,
47.5,18,12,12,1,0,1,0,7.875,3.86073,,,,
42.5,18,18,14,4,0,1,0,8.875,3.749504,,,,
27.5,18,12,12,2,0,1,0,6.4375,3.314186,,,,
32.5,18,12,17,1,1,1,0,7,3.48124,,,,
42.5,18,12,14,1,0,1,20,7.3125,3.749504,,,,
17.5,18,12,12,1,1,1,0,8.1875,2.862201,,,,
42.5,18,12,12,1,1,1,0,7.1875,3.749504,,,,
19.5,18,12,12,1,0,1,10,7.375,2.970414,,,,
32.5,18,12,12,4,1,1,0,6.625,3.48124,,,,
42.5,18,14,13,1,0,1,0,7.875,3.749504,,,,
14.5,18,11,11,2,1,1,20,6.5,2.674149,,,,
15.5,18,15,16,4,1,1,0,8.9375,2.74084,,,,
32.5,18,13,16,4,1,1,0,9.75,3.48124,,,,
37.5,18,18,17,2,1,1,0,8.5625,3.624341,,,,
6.5,18,12,12,2,1,1,0,7.875,1.871802,,,,
32.5,18,15,13,3,0,1,0,8.375,3.48124,,,,
42.5,18,12,14,1,0,1,0,5.5625,3.749504,,,,
27.5,18,11,12,1,0,1,20,4,3.314186,,,,
65,18,18,16,1,0,1,0,7.125,4.174387,,,,
65,18,16,16,1,1,1,0,7.5625,4.174387,,,,
27.5,18,12,12,1,0,1,0,6.8125,3.314186,,,,
32.5,25,14,16,1,0,1,0,2.375,3.48124,,,,
32.5,25,16,16,1,1,1,0,8,3.48124,,,,
37.5,25,11,16,2,1,1,0,8.25,3.624341,,,,
18.5,25,0,11,1,0,1,10,8.9375,2.917771,,,,
22.5,7,12,11,2,0,1,0,6.25,3.113515,,,,
42.5,7,7,12,1,0,1,6,6.6875,3.749504,,,,
27.5,7,16,16,2,0,1,0,6.4375,3.314186,,,,
37.5,7,12,14,1,1,1,0,9.8125,3.624341,,,,
11.5,7,12,12,2,0,0,0,7.875,2.442347,,,,
18.5,7,10,16,2,0,1,0,7.8125,2.917771,,,,
3.5,7,0,11,1,0,0,0,6.375,1.252763,,,,
18.5,7,12,12,1,0,0,0,6.125,2.917771,,,,
13.5,7,0,13,2,1,0,0,6,2.60269,,,,
22.5,7,12,16,1,0,1,0,8.375,3.113515,,,,
65,23,18,17,2,0,1,0,5.875,4.174387,,,,
22.5,23,12,12,2,0,1,0,5.25,3.113515,,,,
16.5,23,11,12,3,1,1,0,9.6875,2.80336,,,,
27.5,23,12,12,3,1,1,0,7.3125,3.314186,,,,
42.5,23,16,14,2,1,1,0,10.5625,3.749504,,,,
3.5,23,0,12,1,0,1,2,6.5625,1.252763,,,,
22.5,23,15,16,2,1,1,0,7.375,3.113515,,,,
19.5,23,12,13,1,1,1,0,7.0625,2.970414,,,,
12.5,13,10,10,1,0,1,0,7.125,2.525729,,,,
9.5,13,13,14,2,0,1,20,7.25,2.251292,,,,
4.5,13,0,12,2,1,1,10,4.9375,1.504077,,,,
27.5,13,16,14,1,1,1,0,6.8125,3.314186,,,,
47.5,13,12,13,2,1,1,0,9.125,3.86073,,,,
22.5,13,14,16,1,0,1,0,7.25,3.113515,,,,
9.5,13,10,12,1,1,1,0,5.8125,2.251292,,,,
65,13,14,13,2,1,1,0,6.75,4.174387,,,,
7.5,13,0,11,4,0,0,0,7.1875,2.014903,,,,
65,13,12,2,1,0,1,0,7.1875,4.174387,,,,
4.5,13,0,13,1,0,0,0,7.4375,1.504077,,,,
27.5,13,16,13,1,0,1,0,8,3.314186,,,,
19.5,13,12,13,2,0,0,0,7.4375,2.970414,,,,
6.5,13,0,10,2,1,1,0,6.375,1.871802,,,,
16.5,13,10,12,1,0,1,0,8.125,2.80336,,,,
65,13,14,13,2,1,1,0,8.75,4.174387,,,,
22.5,13,12,14,1,1,1,0,6.6875,3.113515,,,,
2.5,13,0,12,3,1,0,0,8.375,0.9162908,,,,
22.5,13,12,12,1,0,1,0,7.875,3.113515,,,,
32.5,13,17,12,2,0,1,0,8.9375,3.48124,,,,
9.5,13,12,12,1,1,1,0,7.625,2.251292,,,,
16.5,13,6,8,1,0,1,0,7,2.80336,,,,
32.5,13,16,16,1,1,1,0,9.4375,3.48124,,,,
17.5,13,12,8,3,1,1,0,7.9375,2.862201,,,,
6.5,13,12,9,3,0,0,0,9.875,1.871802,,,,
65,13,16,16,1,0,1,0,5.625,4.174387,,,,
37.5,13,14,16,1,1,1,0,7.125,3.624341,,,,
17.5,26,16,9,2,0,1,4,8.9375,2.862201,,,,
19.5,26,12,11,2,1,1,0,6.8125,2.970414,,,,
32.5,26,16,14,2,0,0,0,7.875,3.48124,,,,
42.5,26,15,15,2,0,0,6,9.5625,3.749504,,,,
32.5,26,14,12,3,0,1,0,7.6875,3.48124,,,,
18.5,26,12,12,1,0,1,0,4.5,2.917771,,,,
22.5,26,0,12,1,1,1,10,7.5625,3.113515,,,,
22.5,26,12,10,1,0,1,3,8.5625,3.113515,,,,
32.5,26,16,16,1,1,1,0,4,3.48124,,,,
18.5,26,12,8,1,1,1,0,7.4375,2.917771,,,,
12.5,26,12,10,1,0,1,0,8.5625,2.525729,,,,
9.5,26,2,10,1,0,1,0,6.125,2.251292,,,,
22.5,26,13,14,1,1,1,0,7.875,3.113515,,,,
27.5,26,13,16,1,1,1,0,8.875,3.314186,,,,
0.5,26,0,12,4,0,0,0,7.625,-0.6931472,,,,
22.5,26,6,9,2,0,1,0,7,3.113515,,,,
6.5,26,0,12,1,1,1,0,8.875,1.871802,,,,
65,26,16,18,1,0,1,0,6.75,4.174387,,,,
19.5,26,17,16,3,1,1,0,8,2.970414,,,,
27.5,26,16,18,2,0,0,0,7.75,3.314186,,,,
12.5,26,16,16,1,0,1,0,6.5,2.525729,,,,
42.5,26,15,15,2,1,1,0,7.375,3.749504,,,,
13.5,26,0,12,1,1,0,0,6,2.60269,,,,
65,26,16,16,1,0,1,0,6.625,4.174387,,,,
2.5,26,0,9,3,1,0,0,7.125,0.9162908,,,,
65,26,16,16,1,0,1,0,8.875,4.174387,,,,
9.5,26,0,12,1,0,0,0,4.625,2.251292,,,,
37.5,26,16,16,2,0,1,0,9.125,3.624341,,,,
19.5,26,12,12,1,1,0,0,8,2.970414,,,,
17.5,26,12,14,3,1,1,0,7.1875,2.862201,,,,
9.5,26,12,12,2,0,0,0,8.6875,2.251292,,,,
65,26,14,12,1,1,1,0,8.9375,4.174387,,,,
65,26,18,18,2,0,1,0,7.8125,4.174387,,,,
14.5,26,12,8,1,0,1,5,7.5,2.674149,,,,
32.5,26,14,13,1,1,1,5,7.5,3.48124,,,,
17.5,26,11,12,1,1,1,0,8.4375,2.862201,,,,
2.5,26,0,12,4,1,0,0,5.6875,0.9162908,,,,
18.5,26,13,10,1,0,1,0,7.3125,2.917771,,,,
22.5,26,12,13,2,0,1,0,7.4375,3.113515,,,,
65,26,16,16,1,1,1,20,8,4.174387,,,,
65,26,18,16,1,1,1,0,8.4375,4.174387,,,,
22.5,26,10,14,1,0,0,6,5.6875,3.113515,,,,
0.5,26,11,12,2,1,1,0,6.75,-0.6931472,,,,
22.5,26,4,14,1,1,1,0,6.875,3.113515,,,,
47.5,26,12,16,1,0,1,0,8.5,3.86073,,,,
65,26,18,15,1,1,1,0,7.875,4.174387,,,,
65,26,16,16,1,1,1,0,7.1875,4.174387,,,,
32.5,26,0,15,4,1,1,0,8.5,3.48124,,,,
65,26,16,14,2,1,1,0,7.25,4.174387,,,,
0.5,26,12,9,2,0,1,0,7.3125,-0.6931472,,,,
65,26,16,14,1,1,1,0,9.5,4.174387,,,,
42.5,26,16,16,2,1,1,0,7.75,3.749504,,,,
13.5,26,0,12,1,1,1,0,7.1875,2.60269,,,,
22.5,26,12,14,1,0,1,0,8.375,3.113515,,,,
65,26,16,16,1,1,0,0,9.125,4.174387,,,,
16.5,26,8,8,1,0,1,0,7.8125,2.80336,,,,
9.5,26,14,12,1,0,1,20,5.5625,2.251292,,,,
19.5,26,12,12,1,1,1,15,8,2.970414,,,,
11.5,26,10,12,1,1,0,0,8.3125,2.442347,,,,
8.5,26,0,12,1,0,1,0,7,2.140066,,,,
42.5,26,10,14,1,0,1,0,8.9375,3.749504,,,,
27.5,26,14,13,2,0,1,0,9.8125,3.314186,,,,
14.5,26,3,9,1,0,1,0,6.1875,2.674149,,,,
4.5,26,0,12,4,0,1,8,6,1.504077,,,,
15.5,26,12,9,2,1,0,0,8,2.74084,,,,
27.5,26,12,13,1,1,0,0,7.625,3.314186,,,,
65,26,16,14,1,1,1,0,7.4375,4.174387,,,,
16.5,26,12,12,2,1,1,0,10,2.80336,,,,
37.5,26,16,16,1,0,1,0,6.75,3.624341,,,,
65,26,15,15,1,1,1,0,7.125,4.174387,,,,
37.5,26,12,12,1,1,1,0,7.1875,3.624341,,,,
7.5,26,12,12,1,0,0,0,8.1875,2.014903,,,,
22.5,26,12,12,2,1,1,0,7.375,3.113515,,,,
47.5,26,14,16,3,1,1,0,9.3125,3.86073,,,,
32.5,26,12,12,1,1,1,0,7.125,3.48124,,,,
4.5,26,12,10,1,1,1,5,8.3125,1.504077,,,,
32.5,26,1,9,3,0,1,0,7,3.48124,,,,
15.5,26,9,12,1,1,1,0,6.3125,2.74084,,,,
1.5,26,12,9,1,0,0,10,5.375,0.4054651,,,,
65,26,15,14,1,1,1,0,7.8125,4.174387,,,,
37.5,26,16,12,1,0,1,0,8.4375,3.624341,,,,
12.5,26,10,10,1,0,1,0,6.5625,2.525729,,,,
16.5,26,12,12,2,1,1,0,6.6875,2.80336,,,,
47.5,26,16,16,3,0,1,0,6.0625,3.86073,,,,
0.5,26,0,12,2,1,0,0,9.875,-0.6931472,,,,
18.5,26,12,12,1,0,1,0,7.6875,2.917771,,,,
32.5,26,18,16,3,1,0,0,6.875,3.48124,,,,
13.5,26,0,16,1,1,0,0,4.625,2.60269,,,,
2.5,26,0,12,1,0,1,0,5.8125,0.9162908,,,,
47.5,26,18,14,1,1,1,0,9.9375,3.86073,,,,
32.5,26,12,14,1,0,0,0,7.125,3.48124,,,,
22.5,26,12,16,2,1,1,0,8.875,3.113515,,,,
65,26,14,12,1,1,1,0,8.6875,4.174387,,,,
9.5,26,12,9,5,1,1,0,8.25,2.251292,,,,
65,26,12,14,1,1,1,0,9.4375,4.174387,,,,
8.5,26,12,12,2,1,1,15,6.9375,2.140066,,,,
9.5,26,3,12,1,0,0,0,7.1875,2.251292,,,,
22.5,26,12,12,1,1,1,0,7.5,3.113515,,,,
22.5,26,12,12,1,1,1,0,9.6875,3.113515,,,,
65,26,18,12,1,0,1,12,8.1875,4.174387,,,,
22.5,26,12,12,1,1,1,0,7.75,3.113515,,,,
22.5,26,7,9,2,0,1,10,7.9375,3.113515,,,,
10.5,26,12,12,1,0,1,0,7.8125,2.351375,,,,
2.5,26,0,12,1,1,0,0,6.625,0.9162908,,,,
9.5,26,6,9,2,0,1,0,9,2.251292,,,,
4.5,26,0,12,3,1,0,0,6.8125,1.504077,,,,
0.5,26,0,12,2,1,0,46,7.5625,-0.6931472,,,,
32.5,26,16,13,2,1,1,0,6.9375,3.48124,,,,
47.5,26,11,12,1,1,1,0,9.0625,3.86073,,,,
5.5,26,0,11,2,1,0,0,8.1875,1.704748,,,,
17.5,26,12,9,5,1,1,0,8.0625,2.862201,,,,
10.5,26,12,12,2,0,1,20,5.75,2.351375,,,,
12.5,26,10,11,2,0,1,0,6.9375,2.525729,,,,
9.5,26,11,12,2,0,1,0,5.6875,2.251292,,,,
22.5,26,14,13,1,1,1,5,7.75,3.113515,,,,
32.5,26,11,12,3,1,1,0,8.125,3.48124,,,,
22.5,26,12,16,1,0,1,0,8.5625,3.113515,,,,
8.5,26,11,10,1,1,1,0,8,2.140066,,,,
1.5,26,0,12,2,1,0,0,8.3125,0.4054651,,,,
32.5,26,12,12,1,1,1,0,4.25,3.48124,,,,
15.5,26,16,16,1,1,1,0,6.0625,2.74084,,,,
37.5,26,14,14,1,0,1,0,7.75,3.624341,,,,
47.5,26,18,16,2,1,1,0,8.0625,3.86073,,,,
65,26,18,16,2,1,1,0,7.3125,4.174387,,,,
27.5,26,18,17,4,0,1,0,5.8125,3.314186,,,,
27.5,26,18,16,1,0,1,0,6.4375,3.314186,,,,
65,26,16,16,2,0,1,0,8.375,4.174387,,,,
32.5,26,12,14,1,0,1,0,6.3125,3.48124,,,,
7.5,26,12,12,2,1,1,0,8.5625,2.014903,,,,
4.5,26,0,14,2,1,0,0,9.5625,1.504077,,,,
22.5,23,10,10,2,0,1,40,6,3.113515,,,,
8.5,23,12,13,1,1,1,0,6.4375,2.140066,,,,
6.5,23,15,17,4,1,1,0,7,1.871802,,,,
27.5,23,17,16,1,0,1,0,6.75,3.314186,,,,
18.5,23,13,12,1,0,1,0,6.0625,2.917771,,,,
27.5,23,14,12,1,1,0,0,6.1875,3.314186,,,,
27.5,23,12,16,4,0,1,0,8.125,3.314186,,,,
22.5,23,14,14,2,1,1,0,9.25,3.113515,,,,
27.5,23,14,13,6,1,1,0,7.4375,3.314186,,,,
19.5,23,12,12,2,1,1,0,5.5625,2.970414,,,,
27.5,23,12,15,1,1,1,0,8,3.314186,,,,
37.5,23,13,12,2,0,1,0,8.125,3.624341,,,,
6.5,23,0,12,1,1,1,20,7.5,1.871802,,,,
32.5,23,13,16,5,0,1,0,9.125,3.48124,,,,
15.5,23,12,12,1,1,1,0,6.375,2.74084,,,,
27.5,23,12,12,2,0,1,0,8.25,3.314186,,,,
42.5,23,9,9,3,1,1,12,5.625,3.749504,,,,
32.5,23,12,12,3,1,1,0,7,3.48124,,,,
47.5,23,14,12,6,1,1,0,7.4375,3.86073,,,,
16.5,23,15,14,2,1,1,0,9.0625,2.80336,,,,
42.5,23,15,14,3,1,1,0,7.8125,3.749504,,,,
5.5,23,0,10,1,0,1,0,7.9375,1.704748,,,,
22.5,23,13,13,1,1,1,0,8.375,3.113515,,,,
65,23,17,17,1,1,1,0,8.6875,4.174387,,,,
27.5,17,12,12,1,0,1,10,6.625,3.314186,,,,
42.5,17,18,16,4,0,1,0,4.3125,3.749504,,,,
32.5,17,13,14,1,0,1,0,7.125,3.48124,,,,
4.5,17,0,12,1,1,1,20,6.9375,1.504077,,,,
12.5,2.5,14,12,3,1,0,5,7.6875,2.525729,,,,
65,2.5,16,16,4,0,1,0,10.75,4.174387,,,,
65,2.5,18,16,2,0,1,0,8,4.174387,,,,
22.5,2.5,10,12,1,0,1,0,8.625,3.113515,,,,
32.5,2.5,12,14,1,0,0,0,4.8125,3.48124,,,,
65,2.5,16,16,1,0,1,0,8.5625,4.174387,,,,
65,2.5,0,14,1,0,0,0,5.8125,4.174387,,,,
8.5,2.5,12,13,1,1,1,0,10,2.140066,,,,
47.5,2.5,12,12,1,0,1,0,6.5,3.86073,,,,
3.5,2.5,0,12,1,0,0,0,7.1875,1.252763,,,,
22.5,2.5,11,16,1,1,0,0,11,3.113515,,,,
65,2.5,16,18,2,0,1,0,5.4375,4.174387,,,,
27.5,2.5,0,12,5,1,0,50,5.625,3.314186,,,,
65,2.5,10,12,1,1,0,0,7.25,4.174387,,,,
10.5,2.5,16,14,2,0,1,0,8.375,2.351375,,,,
65,2.5,18,18,2,0,0,0,5.375,4.174387,,,,
19.5,2.5,12,10,1,0,1,0,6.875,2.970414,,,,
22.5,2.5,10,12,1,0,1,0,6.0625,3.113515,,,,
18.5,2.5,13,12,1,0,1,0,6.8125,2.917771,,,,
19.5,2.5,18,16,1,0,1,0,6.75,2.970414,,,,
22.5,2.5,10,14,1,1,0,0,7.875,3.113515,,,,
16.5,2.5,11,12,3,0,0,0,6.25,2.80336,,,,
65,2.5,12,14,1,0,1,0,8.5625,4.174387,,,,
65,2.5,18,18,1,0,1,0,7.1875,4.174387,,,,
22.5,2.5,11,13,1,0,1,20,8,3.113515,,,,
32.5,2.5,16,12,3,1,0,0,8.1875,3.48124,,,,
42.5,2.5,12,11,1,0,1,0,8.125,3.749504,,,,
6.5,31,12,12,1,0,1,0,8.0625,1.871802,,,,
27.5,31,12,12,1,0,1,0,7.125,3.314186,,,,
14.5,31,12,8,1,1,1,0,6.9375,2.674149,,,,
32.5,31,12,14,2,1,1,0,12,3.48124,,,,
65,31,12,10,1,0,1,5,5.4375,4.174387,,,,
15.5,31,12,12,1,1,0,0,6.125,2.74084,,,,
22.5,31,11,13,2,1,1,15,7.1875,3.113515,,,,
32.5,31,13,12,1,1,1,0,9.4375,3.48124,,,,
6.5,31,0,12,1,1,1,0,6,1.871802,,,,
15.5,31,16,12,1,1,1,0,3.375,2.74084,,,,
27.5,31,13,13,2,0,1,0,6.875,3.314186,,,,
17.5,31,2,5,4,1,1,0,7.8125,2.862201,,,,
37.5,31,12,14,1,1,1,0,6.75,3.624341,,,,
22.5,31,10,12,1,1,1,10,7,3.113515,,,,
4.5,31,0,11,1,0,1,9,8,1.504077,,,,
18.5,31,18,16,1,0,1,0,8.1875,2.917771,,,,
22.5,17,12,16,2,1,1,0,5.4375,3.113515,,,,
37.5,30,16,12,1,1,1,0,7.8125,3.624341,,,,
5.5,30,10,10,2,1,1,15,6.5,1.704748,,,,
16.5,30,12,12,3,1,0,0,9.3125,2.80336,,,,
17.5,30,14,14,1,1,1,0,10.375,2.862201,,,,
6.5,30,0,12,2,0,0,0,7.0625,1.871802,,,,
6.5,30,12,12,2,1,0,0,8.6875,1.871802,,,,
32.5,30,12,16,1,0,1,0,6.375,3.48124,,,,
22.5,30,12,12,1,1,1,0,8.6875,3.113515,,,,
15.5,30,11,13,2,0,1,0,7.4375,2.74084,,,,
6.5,30,0,11,2,0,0,10,5.6875,1.871802,,,,
27.5,30,16,13,4,0,1,0,9.5625,3.314186,,,,
42.5,30,15,14,2,1,0,0,5.4375,3.749504,,,,
9.5,30,0,12,1,1,1,15,5,2.251292,,,,
32.5,30,10,11,2,1,1,20,7.75,3.48124,,,,
22.5,30,17,18,2,1,1,0,9.3125,3.113515,,,,
4.5,30,13,14,1,1,1,0,8.4375,1.504077,,,,
27.5,30,12,12,1,1,0,0,8.25,3.314186,,,,
37.5,30,12,12,1,1,1,0,8.875,3.624341,,,,
8.5,30,0,12,3,0,1,0,8.125,2.140066,,,,
27.5,30,10,12,1,1,1,0,7.6875,3.314186,,,,
47.5,30,12,12,1,1,1,0,7.875,3.86073,,,,
32.5,30,13,16,1,1,1,0,7.25,3.48124,,,,
27.5,30,12,12,6,0,1,0,7.25,3.314186,,,,
6.5,30,0,9,2,0,0,0,6.1875,1.871802,,,,
12.5,30,12,12,3,0,1,3,7.4375,2.525729,,,,
32.5,30,14,15,1,0,1,0,7.625,3.48124,,,,
5.5,30,0,11,2,0,0,10,7.1875,1.704748,,,,
22.5,30,16,14,3,0,1,0,6.9375,3.113515,,,,
10.5,30,0,12,1,1,1,0,6.75,2.351375,,,,
32.5,30,16,13,1,1,1,0,8.75,3.48124,,,,
32.5,30,18,16,2,0,1,0,7.4375,3.48124,,,,
27.5,30,14,16,2,1,0,0,8.375,3.314186,,,,
12.5,30,16,14,1,1,1,15,8.125,2.525729,,,,
8.5,30,0,12,5,0,1,0,6.6875,2.140066,,,,
42.5,30,14,15,1,0,1,0,9.1875,3.749504,,,,
4.5,30,0,16,1,1,1,0,6.8125,1.504077,,,,
37.5,30,12,14,1,1,1,0,7.125,3.624341,,,,
18.5,30,12,12,1,1,1,0,7.375,2.917771,,,,
42.5,30,16,16,1,0,1,0,6.875,3.749504,,,,
42.5,30,12,12,1,0,1,0,7.9375,3.749504,,,,
17.5,30,11,10,2,1,1,20,6.375,2.862201,,,,
47.5,30,18,17,3,1,1,0,9.875,3.86073,,,,
22.5,30,15,16,1,0,1,0,7.0625,3.113515,,,,
15.5,30,12,12,1,1,1,0,7.5625,2.74084,,,,
1.5,30,10,11,3,0,0,0,8.125,0.4054651,,,,
5.5,30,0,12,1,1,0,0,5.3125,1.704748,,,,
12.5,30,14,12,1,1,1,0,5.4375,2.525729,,,,
22.5,30,16,16,3,0,1,0,8.4375,3.113515,,,,
27.5,30,12,12,4,1,1,0,6.875,3.314186,,,,
5.5,30,0,16,2,1,1,0,9.125,1.704748,,,,
65,8,18,16,2,0,1,0,8.4375,4.174387,,,,
27.5,8,0,14,2,0,1,0,7.375,3.314186,,,,
37.5,8,16,13,2,0,1,0,6.9375,3.624341,,,,